address,beds,baths,type,price,sqft,listing#,sqft_min,sqft_max,sqft_avg,Type,Style
1100 Sheppard Ave W 1118 Toronto,1+1,2,Condo Apt Apartment,2700,600-699,W9512691,600,699,649.5,Condo Apartment,Apartment
10 Northtown Way 1003 Toronto,1+1,1,Condo Apt Apartment,2700,600-699,C9256988,600,699,649.5,Condo Apartment,Apartment
319 Jarvis St LPH 01 Toronto,1+1,2,Condo Apt Apartment,2700,500-599,C9383167,500,599,549.5,Condo Apartment,Apartment
1169 Queen St W 601 Toronto,1,1,Condo Apt Apartment,2700,600-699,C10880184,600,699,649.5,Condo Apartment,Apartment
3 Navy Wharf Crt 2509 Toronto,1+1,1,Condo Apt Apartment,2700,600-699,C10406279,600,699,649.5,Condo Apartment,Apartment
1 Pemberton Ave 1703 Toronto,1+1,1,Condo Apt Apartment,2700,700-799,C9283744,700,799,749.5,Condo Apartment,Apartment
5 Sheppard Ave E 3516 Toronto,1,1,Condo Apt Apartment,2700,500-599,C10431369,500,599,549.5,Condo Apartment,Apartment
81 Navy Wharf Crt 1612 Toronto,1+1,1,Condo Apt Apartment,2700,700-799,C10430271,700,799,749.5,Condo Apartment,Apartment
1005 King St W 703 Toronto,1+1,1,Condo Apt Apartment,2700,600-699,C9365865,600,699,649.5,Condo Apartment,Apartment
168 Simcoe St 820 Toronto,1,1,Condo Apt Apartment,2700,600-699,C9393872,600,699,649.5,Condo Apartment,Apartment
181 Sheppard Ave E 433 Toronto,1,1,Condo Apt Apartment,2700,500-599,C10429322,500,599,549.5,Condo Apartment,Apartment
21 Iceboat Terr 1207 Toronto,1+1,1,Condo Apt Apartment,2700,700-799,C10416937,700,799,749.5,Condo Apartment,Apartment
197 yonge St 4311 Toronto,1+1,1,Condo Apt Apartment,2700,600-699,C10416736,600,699,649.5,Condo Apartment,Apartment
56 Annie Craig Dr 1007 Toronto,1+1,1,Condo Apt Apartment,2700,600-699,W10426623,600,699,649.5,Condo Apartment,Apartment
377 Madison Ave 218 Toronto,1+1,1,Condo Apt Apartment,2700,600-699,C9367536,600,699,649.5,Condo Apartment,Apartment
88 Scott St 1004 Toronto,1+1,1,Condo Apt Apartment,2700,600-699,C10414729,600,699,649.5,Condo Apartment,Apartment
199 Richmond St W 1605 Toronto,1,1,Condo Apt Apartment,2700,500-599,C10431600,500,599,549.5,Condo Apartment,Apartment
85 East Liberty St 419 Toronto,1+1,2,Condo Apt Apartment,2700,700-799,C10413781,700,799,749.5,Condo Apartment,Apartment
190 Borough Dr 2909 Toronto,1+1,1,Condo Apt Apartment,2700,600-699,E10331878,600,699,649.5,Condo Apartment,Apartment
3 Rean Dr 1709 Toronto,1+1,2,Condo Apt Apartment,2700,700-799,C10421078,700,799,749.5,Condo Apartment,Apartment
55 Charles St E 3110 Toronto,1+1,1,Condo Apt Apartment,2700,500-599,C9347410,500,599,549.5,Condo Apartment,Apartment
1030 King St W 1131 Toronto,1+1,1,Condo Apt Apartment,2700,600-699,C9798185,600,699,649.5,Condo Apartment,Apartment
335 Lonsdale Rd 405 Toronto,1+1,1,Condo Apt Apartment,2700,700-799,C9778513,700,799,749.5,Condo Apartment,Apartment
28 Freeland St 2308 Toronto,1+1,1,Condo Apt Apartment,2700,700-799,C10415413,700,799,749.5,Condo Apartment,Apartment
38 Elm St 2901 Toronto,1,1,Condo Apt Apartment,2700,600-699,C9356186,600,699,649.5,Condo Apartment,Apartment
105 The Queensway Ave 2501 Toronto,1+1,1,Condo Apt Apartment,2700,600-699,W10422436,600,699,649.5,Condo Apartment,Apartment
165 Legion Rd 2333 Toronto,1+1,1,Condo Apt Apartment,2700,600-699,W9392550,600,699,649.5,Condo Apartment,Apartment
1 Yorkville Ave 1908 Toronto,1+1,2,Condo Apt Apartment,2700,600-699,C9355274,600,699,649.5,Condo Apartment,Apartment
23 Lorraine Dr 710 Toronto,1+1,1,Condo Apt Apartment,2700,600-699,C9418110,600,699,649.5,Condo Apartment,Apartment
15 Northtown Way 2321 Toronto,1+1,1,Condo Apt Apartment,2700,600-699,C10544646,600,699,649.5,Condo Apartment,Apartment
159 Dundas St E 3706 Toronto,1+1,2,Condo Apt Apartment,2700,600-699,C9358760,600,699,649.5,Condo Apartment,Apartment
591 Sheppard Ave E 812 Toronto,1+1,2,Condo Apt Apartment,2700,600-699,C10875072,600,699,649.5,Condo Apartment,Apartment
88 Harbour St E 5305 Toronto,1+1,1,Condo Apt Apartment,2700,600-699,C10916029,600,699,649.5,Condo Apartment,Apartment
87 Peter St 2707 Toronto,1+1,1,Condo Apt Apartment,2700,500-599,C10413874,500,599,549.5,Condo Apartment,Apartment
32 Davenport Rd 2702 Toronto,1,1,Condo Apt Apartment,2700,500-599,C10417817,500,599,549.5,Condo Apartment,Apartment
25 Greenview Ave 1323 Toronto,1+1,1,Condo Apt Apartment,2700,600-699,C9418573,600,699,649.5,Condo Apartment,Apartment
11 Wellesley St W 5007 Toronto,1+1,1,Condo Apt Apartment,2700,500-599,C10036776,500,599,549.5,Condo Apartment,Apartment
65 St Mary St 708 Toronto,1+1,1,Condo Apt Apartment,2700,500-599,C9354393,500,599,549.5,Condo Apartment,Apartment
135 East Liberty St 2506 Toronto,1+1,1,Condo Apt Apartment,2700,600-699,C10406205,600,699,649.5,Condo Apartment,Apartment
33 Shore Breeze Dr 1208 Toronto,1+1,1,Condo Apt Apartment,2700,500-599,W10411417,500,599,549.5,Condo Apartment,Apartment
111 St. Clair Ave W 1022 Toronto,1+1,1,Condo Apt Apartment,2700,600-699,C9391018,600,699,649.5,Condo Apartment,Apartment
25 Richmond St 1308 Toronto,1+1,2,Condo Apt Apartment,2700,600-699,C10427394,600,699,649.5,Condo Apartment,Apartment
81 Navy Wharf Crt 3316 Toronto,1+1,1,Condo Apt Apartment,2700,700-799,C10417201,700,799,749.5,Condo Apartment,Apartment
155 Yorkville Ave 1801 Toronto,1+1,1,Condo Apt Apartment,2700,500-599,C10411445,500,599,549.5,Condo Apartment,Apartment
676 Sheppard Ave E 605 Toronto,1+1,2,Condo Apt Apartment,2700,700-799,C10428724,700,799,749.5,Condo Apartment,Apartment
100 Hayden St 910 Toronto,1+1,1,Condo Apt Apartment,2700,500-599,C9391406,500,599,549.5,Condo Apartment,Apartment
55 COOPER St 7503 Toronto,1+1,1,Comm Element Condo Apartment,2700,600-699,C9303275,600,699,649.5,Common Element Condo,Apartment
403 Church St 312 Toronto,1+1,1,Condo Apt Apartment,2700,600-699,C9282627,600,699,649.5,Condo Apartment,Apartment
470 Front St W 1401 Toronto,1,1,Condo Apt Apartment,2700,500-599,C9250791,500,599,549.5,Condo Apartment,Apartment
255 Bamburgh Circ 1502 Toronto,1+1,1,Condo Apt Apartment,2700,1000-1199,E10272135,1000,1199,1099.5,Condo Apartment,Apartment
30 Ordance St 1109 Toronto,1+1,1,Condo Apt Apartment,2700,600-699,C10417275,600,699,649.5,Condo Apartment,Apartment
25 Greenview Ave 522 Toronto,1+1,1,Condo Apt Apartment,2700,600-699,C9391345,600,699,649.5,Condo Apartment,Apartment
160 Kingsway Cres 806 Toronto,1,1,Condo Apt Apartment,2700,600-699,W9358487,600,699,649.5,Condo Apartment,Apartment
36 Forest Manr 1309 Toronto,1+1,1,Condo Apt Apartment,2699,500-599,C9233145,500,599,549.5,Condo Apartment,Apartment
50 John St 712 Toronto,1+1,1,Condo Apt Apartment,2695,700-799,C10425737,700,799,749.5,Condo Apartment,Apartment
50 John St 1122 Toronto,1+1,1,Condo Apt Apartment,2695,700-799,C10425743,700,799,749.5,Condo Apartment,Apartment
8 Charlotte St 411 Toronto,1+1,1,Condo Apt Apartment,2695,700-799,C9347176,700,799,749.5,Condo Apartment,Apartment
45 Charles St E 5306 Toronto,1,1,Condo Apt Apartment,2695,500-599,C9373159,500,599,549.5,Condo Apartment,Apartment
11 Walmer St 604 Toronto,1,1,Condo Apt Apartment,2695,500-599,C9388339,500,599,549.5,Condo Apartment,Apartment
11 Charlotte St 2901 Toronto,1,1,Condo Apt Apartment,2695,500-599,C10424179,500,599,549.5,Condo Apartment,Apartment
11 Walmer Rd 504 Toronto,1,1,Condo Apt Apartment,2695,500-599,C9296856,500,599,549.5,Condo Apartment,Apartment
485 Huron St 503 Toronto,1,1,Condo Apt Apartment,2695,600-699,C9387622,600,699,649.5,Condo Apartment,Apartment
21 Widmer St 3308 Toronto,1,1,Condo Apt Apartment,2695,500-599,C9308169,500,599,549.5,Condo Apartment,Apartment
111 Elizabeth St 752 Toronto,1+1,1,Condo Apt Apartment,2690,600-699,C9295205,600,699,649.5,Condo Apartment,Apartment
1 Edgewater Dr 504 Toronto,1+1,2,Condo Apt Apartment,2690,700-799,C10414646,700,799,749.5,Condo Apartment,Apartment
397 Front St W 2506 Toronto,1+1,1,Condo Apt Apartment,2690,600-699,C10409803,600,699,649.5,Condo Apartment,Apartment
16 Bonnycastle St 3206 Toronto,1+1,1,Condo Apt Apartment,2690,600-699,C10407667,600,699,649.5,Condo Apartment,Apartment
1171 Queen St W 1705 Toronto,1+1,1,Condo Apt Apartment,2690,600-699,C9382222,600,699,649.5,Condo Apartment,Apartment
1 Bloor St 5702 Toronto,1,1,Condo Apt Apartment,2690,500-599,C10427050,500,599,549.5,Condo Apartment,Apartment
14 York St 3704 Toronto,1+1,1,Condo Apt Apartment,2680,600-699,C10384389,600,699,649.5,Condo Apartment,Apartment
15 Holmes Ave 2001 Toronto,1+1,2,Condo Apt Apartment,2680,600-699,C10432400,600,699,649.5,Condo Apartment,Apartment
4955 YONGE St 1111 Toronto,1+1,2,Condo Apt Apartment,2680,600-699,C9767866,600,699,649.5,Condo Apartment,Apartment
32 Forest Manor Rd 1011 Toronto,1+1,2,Condo Apt Apartment,2680,600-699,C10744068,600,699,649.5,Condo Apartment,Apartment
78 Tecumseth St 805 Toronto,1+1,1,Condo Apt Apartment,2680,600-699,C10411361,600,699,649.5,Condo Apartment,Apartment
35 Hollywood Ave 2102 Toronto,1+1,1,Condo Apt Apartment,2680,600-699,C10416688,600,699,649.5,Condo Apartment,Apartment
1001 Bay St 3005 Toronto,1+1,1,Condo Apt Apartment,2680,700-799,C9297370,700,799,749.5,Condo Apartment,Apartment
3 Gloucester St 2104 Toronto,1+1,1,Condo Apt Apartment,2680,600-699,C9365375,600,699,649.5,Condo Apartment,Apartment
5168 Yonge St 1101 Toronto,1+1,1,Condo Apt Apartment,2680,600-699,C10419902,600,699,649.5,Condo Apartment,Apartment
425 Front St E 511 Toronto,1+1,2,Condo Apt Apartment,2680,500-599,C9378573,500,599,549.5,Condo Apartment,Apartment
31 Bales Ave 1215 Toronto,1+1,1,Condo Apt Apartment,2680,600-699,C10442738,600,699,649.5,Condo Apartment,Apartment
77 Shuter St 515 Toronto,1,2,Condo Apt Loft,2680,500-599,C10427432,500,599,549.5,Condo Apartment,Loft
20 Shore Breeze Dr 2306 Toronto,1+1,1,Condo Apt Apartment,2680,500-599,W9419946,500,599,549.5,Condo Apartment,Apartment
210 Simcoe St 1014 Toronto,1,1,Condo Apt Apartment,2680,700-799,C10418492,700,799,749.5,Condo Apartment,Apartment
101 Charles St E 1605 Toronto,1,1,Condo Apt Apartment,2680,600-699,C9768663,600,699,649.5,Condo Apartment,Apartment
38 Iannuzzi St N 634 Toronto,1+1,1,Condo Apt Apartment,2680,500-599,C9380082,500,599,549.5,Condo Apartment,Apartment
5 Soudan Ave 1144 Toronto,1+1,1,Comm Element Condo Apartment,2675,600-699,C10440526,600,699,649.5,Common Element Condo,Apartment
28 Harrison Garden Blvd 607 Toronto,1+1,1,Condo Apt Apartment,2675,600-699,C9385041,600,699,649.5,Condo Apartment,Apartment
25 Nicholas Ave 323 Toronto,1+1,1,Condo Apt Apartment,2675,500-599,C9343322,500,599,549.5,Condo Apartment,Apartment
39 Queens Quay E 532 Toronto,1,1,Condo Apt Apartment,2675,600-699,C10405151,600,699,649.5,Condo Apartment,Apartment
4955 Yonge St 1503 Toronto,1+1,2,Condo Apt Apartment,2670,600-699,C10427106,600,699,649.5,Condo Apartment,Apartment
55 Charles St E 2510 Toronto,1+1,1,Condo Apt Apartment,2650,500-599,C9581242,500,599,549.5,Condo Apartment,Apartment
51 Lower Simcoe St 620 Toronto,1+1,1,Condo Apt Apartment,2650,600-699,C10463704,600,699,649.5,Condo Apartment,Apartment
38 Dan Leckie Way 1709 Toronto,1+1,1,Condo Apt Apartment,2650,600-699,C10424737,600,699,649.5,Condo Apartment,Apartment
38 Iannuzzi St 111 Toronto,1+1,1,Comm Element Condo Other,2650,500-599,C9040034,500,599,549.5,Common Element Condo,Other
15 Lower Jarvis St 608 Toronto,1+1,1,Condo Apt Apartment,2650,600-699,C10426602,600,699,649.5,Condo Apartment,Apartment
1121 Bay St 1504 Toronto,1+1,1,Condo Apt Apartment,2650,500-599,C9418100,500,599,549.5,Condo Apartment,Apartment
55 Regent Park Blvd 402 Toronto,1+1,1,Condo Apt Apartment,2650,600-699,C10429768,600,699,649.5,Condo Apartment,Apartment
2 Rean Dr 903 Toronto,1+1,2,Condo Apt Apartment,2650,700-799,C9394908,700,799,749.5,Condo Apartment,Apartment
85 Queens Wharf Rd 3305 Toronto,1+1,1,Condo Apt Apartment,2650,600-699,C10403050,600,699,649.5,Condo Apartment,Apartment
155 Yorkville Ave 807 Toronto,1+1,1,Condo Apt Apartment,2650,500-599,C10406095,500,599,549.5,Condo Apartment,Apartment
761 Bay St 2210 Toronto,1+1,2,Condo Apt Apartment,2650,700-799,C10424800,700,799,749.5,Condo Apartment,Apartment
60 George Butchart Dr 215 Toronto,1+1,2,Condo Apt Apartment,2650,600-699,W10418166,600,699,649.5,Condo Apartment,Apartment
59 Annie Craig Dr 2401 Toronto,1+1,1,Condo Apt Apartment,2650,600-699,W10419790,600,699,649.5,Condo Apartment,Apartment
525 Adelaide St W 927 Toronto,1+1,1,Condo Apt Apartment,2650,500-599,C9457841,500,599,549.5,Condo Apartment,Apartment
38 Dan Leckie Way 316 Toronto,1+1,1,Condo Apt Apartment,2650,600-699,C9417903,600,699,649.5,Condo Apartment,Apartment
365 CHURCH St 1706 Toronto,1+1,1,Condo Apt Apartment,2650,600-699,C9505749,600,699,649.5,Condo Apartment,Apartment
30 Samuel Wood Way 407 Toronto,1+1,2,Condo Apt Apartment,2650,700-799,W10408438,700,799,749.5,Condo Apartment,Apartment
2A Church St 1702 Toronto,1,1,Condo Apt Apartment,2650,500-599,C10431724,500,599,549.5,Condo Apartment,Apartment
18 Harbour St 1207 Toronto,1+1,1,Condo Apt Apartment,2650,600-699,C9416896,600,699,649.5,Condo Apartment,Apartment
55 Charles St E 3507 Toronto,1+1,1,Condo Apt Apartment,2650,600-699,C9513186,600,699,649.5,Condo Apartment,Apartment
39 Roehampton Ave 3510 Toronto,1+1,2,Condo Apt Apartment,2650,600-699,C9305909,600,699,649.5,Condo Apartment,Apartment
105 The Queensway Ave 2515 Toronto,1+1,1,Condo Apt Apartment,2650,700-799,W10427680,700,799,749.5,Condo Apartment,Apartment
5 Valhalla Inn Rd 506 Toronto,1+1,1,Condo Apt Apartment,2650,600-699,W9416957,600,699,649.5,Condo Apartment,Apartment
28 Ted Rogers Way 3207 Toronto,1,2,Condo Apt Apartment,2650,600-699,C10404742,600,699,649.5,Condo Apartment,Apartment
75 The Donway W 906 Toronto,1+1,1,Condo Apt Apartment,2650,600-699,C9295091,600,699,649.5,Condo Apartment,Apartment
10 Deerlick Crt 1217 Toronto,1+1,2,Condo Apt Apartment,2650,600-699,C10426131,600,699,649.5,Condo Apartment,Apartment
125 Blue Jays Way 1901 Toronto,1+1,1,Condo Apt Apartment,2650,500-599,C10408444,500,599,549.5,Condo Apartment,Apartment
75 East Liberty St 1809 Toronto,1+1,1,Condo Apt Apartment,2650,600-699,C10426610,600,699,649.5,Condo Apartment,Apartment
20 SHOREBREEZE Dr 3802 Toronto,1+1,1,Condo Apt Apartment,2650,500-599,W10433933,500,599,549.5,Condo Apartment,Apartment
18 Holmes Ave 2615 Toronto,1+1,1,Condo Apt Apartment,2650,600-699,C10426008,600,699,649.5,Condo Apartment,Apartment
763 Bay St 3603 Toronto,1+1,1,Condo Apt Apartment,2650,700-799,C9509491,700,799,749.5,Condo Apartment,Apartment
21 Balmuto St 1102 Toronto,1,1,Condo Apt Apartment,2650,500-599,C9418744,500,599,549.5,Condo Apartment,Apartment
55 Charles St E 2407 Toronto,1+1,1,Condo Apt Apartment,2650,600-699,C10404805,600,699,649.5,Condo Apartment,Apartment
55 Charles St E 4606 Toronto,1+1,1,Condo Apt Apartment,2650,600-699,C10425428,600,699,649.5,Condo Apartment,Apartment
1171 Queen St W 1601 Toronto,1,1,Condo Apt Apartment,2650,600-699,C10707905,600,699,649.5,Condo Apartment,Apartment
4955 Yonge St 1510 Toronto,1+1,2,Condo Apt Apartment,2650,600-699,C10412493,600,699,649.5,Condo Apartment,Apartment
9 Bogert Ave W 1004 Toronto,1,1,Condo Apt Apartment,2650,500-599,C10422251,500,599,549.5,Condo Apartment,Apartment
19 Grand Trunk Cres W 512 Toronto,1,1,Condo Apt Apartment,2650,600-699,C9389434,600,699,649.5,Condo Apartment,Apartment
19 Bathurst St 3107 Toronto,1+1,1,Condo Apt Apartment,2650,500-599,C9398993,500,599,549.5,Condo Apartment,Apartment
38 Elm St 2612 Toronto,1,1,Condo Apt Apartment,2650,700-799,C9378472,700,799,749.5,Condo Apartment,Apartment
628 Fleet St 1311 Toronto,1,1,Condo Apt Apartment,2650,600-699,C9769525,600,699,649.5,Condo Apartment,Apartment
327 King St W 3103 Toronto,1,1,Comm Element Condo Apartment,2650,500-599,C9748474,500,599,549.5,Common Element Condo,Apartment
19 Western Battery Rd 803 Toronto,1+1,2,Condo Apt Apartment,2650,600-699,C10441117,600,699,649.5,Condo Apartment,Apartment
7 Grenville St 517 Toronto,1+1,2,Condo Apt Apartment,2650,800-899,C9343081,800,899,849.5,Condo Apartment,Apartment
30 SHORE BREEZE Dr 4709 Toronto,1+2,1,Condo Apt Apartment,2650,600-699,W9400439,600,699,649.5,Condo Apartment,Apartment
28 Harrison Garden Blvd 2207 Toronto,1+1,1,Condo Apt Apartment,2650,600-699,C9353151,600,699,649.5,Condo Apartment,Apartment
319 Jarvis St 4801 Toronto,1+1,2,Condo Apt Apartment,2650,500-599,C10405082,500,599,549.5,Condo Apartment,Apartment
361 Front St W 2912 Toronto,1+1,1,Condo Apt Apartment,2650,600-699,C10405967,600,699,649.5,Condo Apartment,Apartment
28 Freeland St 4708 Toronto,1+1,1,Condo Apt Apartment,2650,600-699,C10433873,600,699,649.5,Condo Apartment,Apartment
88 Scott St 4707 Toronto,1,1,Condo Apt Apartment,2650,600-699,C9394291,600,699,649.5,Condo Apartment,Apartment
386 Yonge St 1405 Toronto,1+1,1,Condo Apt Apartment,2650,700-799,C10423939,700,799,749.5,Condo Apartment,Apartment
70 Queens Wharf Rd 3001 Toronto,1,1,Condo Apt Apartment,2650,500-599,C10431310,500,599,549.5,Condo Apartment,Apartment
90 Broadview Ave 618 Toronto,1+1,1,Condo Apt Loft,2650,600-699,E10432495,600,699,649.5,Condo Apartment,Loft
138 Princess St 411 Toronto,1+1,1,Condo Apt Apartment,2650,600-699,C9393578,600,699,649.5,Condo Apartment,Apartment
95 Mcmahon Dr 1615 Toronto,1,1,Condo Apt Multi-Level,2650,500-599,C10429890,500,599,549.5,Condo Apartment,Multi-Level
14 York St 2712 Toronto,1+1,1,Condo Apt Apartment,2650,500-599,C10421110,500,599,549.5,Condo Apartment,Apartment
219 Dundas St 501 Toronto,1,1,Condo Apt Apartment,2650,500-599,C9385525,500,599,549.5,Condo Apartment,Apartment
125 Redpath Ave 2901 Toronto,1+1,2,Condo Apt Apartment,2650,600-699,C9487100,600,699,649.5,Condo Apartment,Apartment
12 York St 4911 Toronto,1+1,1,Condo Apt Apartment,2650,600-699,C9418050,600,699,649.5,Condo Apartment,Apartment
30 Shore Breeze Dr 4020 Toronto,1+1,1,Condo Apt Apartment,2650,500-599,W10744121,500,599,549.5,Condo Apartment,Apartment
138 Downes St 4508 Toronto,1+1,1,Condo Apt Apartment,2650,500-599,C10432047,500,599,549.5,Condo Apartment,Apartment
50 Charles St E 601 Toronto,1+1,1,Condo Apt Apartment,2650,500-599,C9508363,500,599,549.5,Condo Apartment,Apartment
500 Doris Ave 1530 Toronto,1,2,Comm Element Condo Apartment,2650,700-799,C9768195,700,799,749.5,Common Element Condo,Apartment
5500 Yonge St Lph11 Toronto,1+1,1,Condo Apt Apartment,2650,700-799,C9350482,700,799,749.5,Condo Apartment,Apartment
55 Charles St E 4906 Toronto,1+1,1,Condo Apt Apartment,2650,600-699,C10427799,600,699,649.5,Condo Apartment,Apartment
65 Bremner Blvd 2511 Toronto,1,1,Condo Apt Apartment,2650,500-599,C10411377,500,599,549.5,Condo Apartment,Apartment
942 Yonge St 909 Toronto,1+1,1,Condo Apt Apartment,2650,700-799,C9371823,700,799,749.5,Condo Apartment,Apartment
2369 Danforth Ave 219 Toronto,1+1,2,Condo Apt Apartment,2650,500-599,E9396353,500,599,549.5,Condo Apartment,Apartment
85 Bloor St E 1007 Toronto,1+1,1,Condo Apt Apartment,2650,600-699,C10432395,600,699,649.5,Condo Apartment,Apartment
215 Fort York Blvd 2709 Toronto,1+1,1,Condo Apt Apartment,2650,600-699,C10426196,600,699,649.5,Condo Apartment,Apartment
231 Fort York Blvd 2106 Toronto,1+1,1,Condo Apt Apartment,2650,600-699,C9383204,600,699,649.5,Condo Apartment,Apartment
395 Bloor St E 3101 Toronto,1+1,1,Condo Apt Apartment,2650,600-699,C9510245,600,699,649.5,Condo Apartment,Apartment
65 East Liberty St 1707 Toronto,1+1,1,Condo Apt Apartment,2650,600-699,C10421455,600,699,649.5,Condo Apartment,Apartment
7 Carlton St 1414 Toronto,1+1,1,Condo Apt Apartment,2650,600-699,C10421409,600,699,649.5,Condo Apartment,Apartment
352 Front St W 101 Toronto,1+1,2,Condo Townhouse 2-Storey,2650,600-699,C9373219,600,699,649.5,Condo Townhouse,2-Storey
1080 Bay St 2101 Toronto,1,1,Condo Apt Apartment,2650,500-599,C10433528,500,599,549.5,Condo Apartment,Apartment
25 Neighbourhood Lane 710 Toronto,1+1,1,Condo Apt Apartment,2650,600-699,W10421619,600,699,649.5,Condo Apartment,Apartment
75 Queens Wharf Rd 3811 Toronto,1,1,Condo Apt Apartment,2650,500-599,C10427682,500,599,549.5,Condo Apartment,Apartment
3018 Yonge St 1112 Toronto,1,1,Condo Apt Apartment,2650,500-599,C10418199,500,599,549.5,Condo Apartment,Apartment
81A Front St E 312 Toronto,1,1,Condo Apt Loft,2650,500-599,C9510111,500,599,549.5,Condo Apartment,Loft
5 ST. JOSEPH St 2106 Toronto,1,1,Condo Apt Apartment,2650,500-599,C10845358,500,599,549.5,Condo Apartment,Apartment
8 Park Rd E 2809 Toronto,1+1,1,Condo Apt Apartment,2650,600-699,C10299633,600,699,649.5,Condo Apartment,Apartment
28 Ted Rogers Way 2607 Toronto,1+1,1,Condo Apt Apartment,2650,500-599,C10429261,500,599,549.5,Condo Apartment,Apartment
225 Sumach St 912 Toronto,1+1,1,Comm Element Condo Apartment,2650,600-699,C9311213,600,699,649.5,Common Element Condo,Apartment
60 Princess St 915 SE Toronto,1+1,2,Condo Apt Apartment,2650,600-699,C10440935,600,699,649.5,Condo Apartment,Apartment
942 Yonge St 817 Toronto,1,1,Condo Apt Apartment,2650,600-699,C9507247,600,699,649.5,Condo Apartment,Apartment
168 Simcoe St 803 Toronto,1,1,Condo Apt Apartment,2650,600-699,C10371748,600,699,649.5,Condo Apartment,Apartment
4978 Yonge St 3601 Toronto,1+1,1,Condo Apt Apartment,2650,600-699,C10707785,600,699,649.5,Condo Apartment,Apartment
1030 King St W 213 Toronto,1+1,1,Condo Apt Apartment,2650,600-699,C9311325,600,699,649.5,Condo Apartment,Apartment
25 Grenville St 603 Toronto,1+1,1,Condo Apt Apartment,2650,800-899,C10713764,800,899,849.5,Condo Apartment,Apartment
3220 Sheppard Ave E 410 Toronto,1+1,2,Condo Apt Apartment,2650,700-799,E9309543,700,799,749.5,Condo Apartment,Apartment
1001 Bay St 1418 Toronto,1,1,Condo Apt Apartment,2650,700-799,C10406135,700,799,749.5,Condo Apartment,Apartment
14 York St 5611 Toronto,1+1,1,Condo Apt Apartment,2650,500-599,C9768709,500,599,549.5,Condo Apartment,Apartment
470 Front St W 1415 Toronto,1,1,Condo Apt Multi-Level,2650,500-599,C10405356,500,599,549.5,Condo Apartment,Multi-Level
2 Sonic Way 2507 Toronto,1+1,2,Condo Apt Apartment,2650,600-699,C10744186,600,699,649.5,Condo Apartment,Apartment
11 Wellesley St W 3106 Toronto,1+1,1,Condo Apt Apartment,2650,500-599,C10422492,500,599,549.5,Condo Apartment,Apartment
21 Nelson St 301 Toronto,1+1,1,Condo Apt Apartment,2650,700-799,C9396107,700,799,749.5,Condo Apartment,Apartment
38 Forest Manor Rd 1005 Toronto,1+1,2,Condo Apt Apartment,2650,600-699,C10424651,600,699,649.5,Condo Apartment,Apartment
65 Harbour Sq 3209 Toronto,1,1,Condo Apt Apartment,2650,600-699,C9350645,600,699,649.5,Condo Apartment,Apartment
15 BRUYERES Mews 517 Toronto,1+1,1,Condo Apt Apartment,2650,600-699,C10410293,600,699,649.5,Condo Apartment,Apartment
88 Harbour St 4608 Toronto,1,1,Condo Apt Apartment,2650,500-599,C10440671,500,599,549.5,Condo Apartment,Apartment
375 King St W 2506 Toronto,1+1,1,Condo Apt Apartment,2650,700-799,C10426065,700,799,749.5,Condo Apartment,Apartment
28 Freeland St 1010 Toronto,1+1,1,Condo Apt Apartment,2650,600-699,C10416567,600,699,649.5,Condo Apartment,Apartment
36 Park Lawn Rd 2409 Toronto,1+1,1,Condo Apt Apartment,2650,600-699,W9398643,600,699,649.5,Condo Apartment,Apartment
21 Widmer St 3412 Toronto,1+1,1,Condo Apt Apartment,2650,600-699,C9768646,600,699,649.5,Condo Apartment,Apartment
57 St Joseph St 416 Toronto,1,1,Condo Apt Apartment,2650,500-599,C9506521,500,599,549.5,Condo Apartment,Apartment
125 Redpath Ave PH107 Toronto,1+1,1,Condo Apt Apartment,2650,600-699,C9508008,600,699,649.5,Condo Apartment,Apartment
57 Brock Ave 212 Toronto,1+1,1,Condo Apt Loft,2650,500-599,W9398054,500,599,549.5,Condo Apartment,Loft
608 Richmond St W 210 Toronto,1,1,Condo Apt Loft,2650,0-499,C9419233,0,499,249.5,Condo Apartment,Loft
361 Front St W 2306 Toronto,1+1,1,Condo Apt Apartment,2650,600-699,C9394854,600,699,649.5,Condo Apartment,Apartment
10 Bloorview Pl 910 Toronto,1+1,1,Condo Apt Apartment,2649,600-699,C10426734,600,699,649.5,Condo Apartment,Apartment
27 Rean Dr 211 Toronto,1+1,1,Condo Apt Apartment,2649,600-699,C10431816,600,699,649.5,Condo Apartment,Apartment
111 RIDELLE Ave 1204 Toronto,1+1,1,Condo Apt Apartment,2648,600-699,W9357772,600,699,649.5,Condo Apartment,Apartment
2525 Bathurst St 903 Toronto,1,1,Condo Apt Apartment,2645,600-699,C9512589,600,699,649.5,Condo Apartment,Apartment
2525 Bathurst St 910 Toronto,1,1,Condo Apt Apartment,2645,500-599,C8459496,500,599,549.5,Condo Apartment,Apartment
2525 Bathurst St 1011 Toronto,1,1,Condo Apt Apartment,2645,500-599,C9512604,500,599,549.5,Condo Apartment,Apartment
2300 St. Clair Ave W 221 Toronto,1+1,2,Condo Apt Apartment,2625,600-699,W9768474,600,699,649.5,Condo Apartment,Apartment
215 Fort York Blvd 3609 Toronto,1+1,1,Condo Apt Apartment,2625,600-699,C9819791,600,699,649.5,Condo Apartment,Apartment
350 Wellington St W M30 Toronto,1,1,Condo Apt Apartment,2625,600-699,C9261625,600,699,649.5,Condo Apartment,Apartment
100 MILL St 422 Toronto,1,1,Condo Apt Apartment,2620,500-599,C10425872,500,599,549.5,Condo Apartment,Apartment
80 John St 2308 Toronto,1+1,1,Condo Apt Apartment,2600,600-699,C9512515,600,699,649.5,Condo Apartment,Apartment
50 Wellesley St E #2507 Toronto,1+1,1,Condo Apt Apartment,2600,500-599,C10442833,500,599,549.5,Condo Apartment,Apartment
18 Yorkville Ave 1708 Toronto,1,1,Condo Apt Apartment,2600,0-499,C10428227,0,499,249.5,Condo Apartment,Apartment
525 Adelaide St W 326 Toronto,1+1,1,Condo Apt Apartment,2600,500-599,C10417136,500,599,549.5,Condo Apartment,Apartment
1001 Bay St 1301 Toronto,1+1,1,Condo Apt Apartment,2600,700-799,C9508405,700,799,749.5,Condo Apartment,Apartment
2121 Lakeshore Blvd 1001 Toronto,1+1,1,Condo Apt Apartment,2600,700-799,W9377333,700,799,749.5,Condo Apartment,Apartment
386 Yonge St 1812 Toronto,1+1,1,Condo Apt Apartment,2600,600-699,C10404792,600,699,649.5,Condo Apartment,Apartment
188 Cumberland St 2001 Toronto,1,1,Condo Apt Apartment,2600,0-499,C10428306,0,499,249.5,Condo Apartment,Apartment
8 York St 3408 Toronto,1,1,Condo Apt Apartment,2600,500-599,C10427633,500,599,549.5,Condo Apartment,Apartment
28 freeland St N 2506 Toronto,1+1,1,Condo Apt Apartment,2600,600-699,C9418077,600,699,649.5,Condo Apartment,Apartment
36 Brentcliffe Rd 902 Toronto,1,1,Condo Apt Apartment,2600,500-599,C9379066,500,599,549.5,Condo Apartment,Apartment
4725 Sheppard Ave E 1701 Toronto,1+1,1,Condo Apt Apartment,2600,1000-1199,E9367287,1000,1199,1099.5,Condo Apartment,Apartment
28 Empress Ave 506 Toronto,1+1,1,Condo Apt Apartment,2600,600-699,C10414075,600,699,649.5,Condo Apartment,Apartment
3 Gloucester St 811 Toronto,1+1,1,Condo Apt Apartment,2600,600-699,C10845360,600,699,649.5,Condo Apartment,Apartment
23 Sheppard Ave E 2507 Toronto,1+1,1,Condo Apt Apartment,2600,500-599,C9362653,500,599,549.5,Condo Apartment,Apartment
150 East Liberty St 2801 Toronto,1+1,1,Condo Apt Apartment,2600,600-699,C10426128,600,699,649.5,Condo Apartment,Apartment
21 Widmer St 4306 Toronto,1,1,Condo Apt Apartment,2600,500-599,C10429940,500,599,549.5,Condo Apartment,Apartment
403 Church St 2309 Toronto,1+1,1,Condo Apt Apartment,2600,600-699,C10408172,600,699,649.5,Condo Apartment,Apartment
480 Mclevin Ave 816 Toronto,1+1,2,Condo Apt Apartment,2600,900-999,E10433331,900,999,949.5,Condo Apartment,Apartment
45 Charles St E 4311 Toronto,1+1,2,Condo Apt Apartment,2600,600-699,C9393888,600,699,649.5,Condo Apartment,Apartment
555 Yonge St 714 Toronto,1,1,Condo Apt Apartment,2600,500-599,C10406182,500,599,549.5,Condo Apartment,Apartment
8 Eglinton Ave E 1512 Toronto,1+1,2,Condo Apt Apartment,2600,600-699,C10231021,600,699,649.5,Condo Apartment,Apartment
55 Charles St E 3909 Toronto,1,1,Condo Apt Apartment,2600,500-599,C9380343,500,599,549.5,Condo Apartment,Apartment
88 Harbour St 3103 Toronto,1,1,Condo Apt Apartment,2600,500-599,C10425047,500,599,549.5,Condo Apartment,Apartment
120 Harrison Garden Blvd 1505 Toronto,1+1,1,Condo Apt Apartment,2600,600-699,C10428462,600,699,649.5,Condo Apartment,Apartment
44 St Joseph St 701 Toronto,1+1,1,Condo Apt Apartment,2600,600-699,C9400331,600,699,649.5,Condo Apartment,Apartment
77 St Clair Ave E 1801 Toronto,1,1,Other Apartment,2600,700-799,C9509140,700,799,749.5,Other,Apartment
81 Wellesley St E 1602 Toronto,1+1,1,Condo Apt Apartment,2600,600-699,C10413950,600,699,649.5,Condo Apartment,Apartment
25 Fontenay Crt 405 Toronto,1+1,1,Condo Apt Apartment,2600,600-699,W9418251,600,699,649.5,Condo Apartment,Apartment
16 Bonnycastle St 2005 Toronto,1+1,1,Condo Apt Apartment,2600,600-699,C9769228,600,699,649.5,Condo Apartment,Apartment
135 East Liberty St 1304 Toronto,1+1,1,Condo Apt Apartment,2600,0-499,C10414440,0,499,249.5,Condo Apartment,Apartment
705 King St W 1612 Toronto,1+1,1,Condo Apt Apartment,2600,800-899,C9508444,800,899,849.5,Condo Apartment,Apartment
10 Delisle Ave 102 Toronto,1,1,Condo Apt Apartment,2600,600-699,C10426211,600,699,649.5,Condo Apartment,Apartment
11 WELLESLEY STREET WEST St 3906 Toronto,1+0,1,Condo Apt Other,2600,500-599,C10884922,500,599,549.5,Condo Apartment,Other
8 Hillsdale Ave E 1524 Toronto,1+1,1,Condo Apt Apartment,2600,500-599,C10441837,500,599,549.5,Condo Apartment,Apartment
859 The Queensway 519 Toronto,1+1,1,Condo Apt Apartment,2600,600-699,W9385836,600,699,649.5,Condo Apartment,Apartment
525 Wilson Ave 232 Toronto,1+1,1,Condo Apt Apartment,2600,600-699,C10424926,600,699,649.5,Condo Apartment,Apartment
85 Wood St 4007 Toronto,1+1,1,Condo Apt Apartment,2600,500-599,C9239397,500,599,549.5,Condo Apartment,Apartment
2 Anndale Dr 2003 Toronto,1,1,Condo Apt Apartment,2600,500-599,C9768838,500,599,549.5,Condo Apartment,Apartment
35 Tubman Ave 1019 Toronto,1+1,1,Condo Apt Apartment,2600,500-599,C9822090,500,599,549.5,Condo Apartment,Apartment
20 Burkebrook Pl 306 Toronto,1,1,Condo Apt Apartment,2600,600-699,C10407607,600,699,649.5,Condo Apartment,Apartment
10 Park Lawn Rd 3702 Toronto,1+1,1,Condo Apt Apartment,2600,600-699,W9891287,600,699,649.5,Condo Apartment,Apartment
2020 Bathurst St 616 Toronto,1+1,1,Condo Apt Apartment,2600,600-699,C9513170,600,699,649.5,Condo Apartment,Apartment
1 Yorkville Ave 3112 Toronto,1+1,2,Condo Apt Apartment,2600,500-599,C10431839,500,599,549.5,Condo Apartment,Apartment
10 York St 5408 Toronto,1,1,Condo Apt Apartment,2600,500-599,C10432595,500,599,549.5,Condo Apartment,Apartment
60 Princess St 1414 SE Toronto,1+1,2,Condo Apt Apartment,2600,500-599,C9505832,500,599,549.5,Condo Apartment,Apartment
10 Bloorview Pl 517 Toronto,1,1,Condo Apt Apartment,2600,500-599,C10404757,500,599,549.5,Condo Apartment,Apartment
181 Sheppard Ave Ave E 225 Toronto,1+1,1,Condo Apt Apartment,2600,600-699,C10416756,600,699,649.5,Condo Apartment,Apartment
4208 Dundas St W PH810 Toronto,1+1,2,Condo Apt Apartment,2600,600-699,W9513316,600,699,649.5,Condo Apartment,Apartment
15 Viking Lane 3310 Toronto,1+1,1,Condo Apt Apartment,2600,600-699,W10421324,600,699,649.5,Condo Apartment,Apartment
12 Yonge St 2311 Toronto,1+1,1,Condo Apt Apartment,2600,600-699,C10424690,600,699,649.5,Condo Apartment,Apartment
7 Lorraine Dr 708 Toronto,1,1,Condo Apt Multi-Level,2600,600-699,C10425284,600,699,649.5,Condo Apartment,Multi-Level
170 Fort York Blvd 1213 Toronto,1+1,1,Condo Apt Apartment,2600,600-699,C10428709,600,699,649.5,Condo Apartment,Apartment
25 Holly St 2504 Toronto,1+1,2,Condo Apt Apartment,2600,600-699,C9378581,600,699,649.5,Condo Apartment,Apartment
210 Simcoe St 907 Toronto,1+1,1,Condo Apt Apartment,2600,700-799,C10433696,700,799,749.5,Condo Apartment,Apartment
150 SUDBURY St 1007 Toronto,1+1,1,Condo Apt Other,2600,600-699,C10294972,600,699,649.5,Condo Apartment,Other
25 Greenview Ave 1624 Toronto,1+1,1,Condo Apt Apartment,2600,600-699,C9418662,600,699,649.5,Condo Apartment,Apartment
318 Richmond St W 3404 Toronto,1,1,Condo Apt Apartment,2600,500-599,C9420234,500,599,549.5,Condo Apartment,Apartment
30 Meadowglen Pl 2008 Toronto,1+1,2,Condo Apt Apartment,2600,600-699,E10418639,600,699,649.5,Condo Apartment,Apartment
38 Grand Magazine St 333 Toronto,1+1,2,Condo Apt Apartment,2600,700-799,C9392747,700,799,749.5,Condo Apartment,Apartment
65 Bremner Blvd 4709 Toronto,1+1,1,Condo Apt Apartment,2600,600-699,C9296942,600,699,649.5,Condo Apartment,Apartment
770 Bay St 303 Toronto,1+1,1,Condo Apt Apartment,2600,700-799,C9268876,700,799,749.5,Condo Apartment,Apartment
28 Freeland St 3806 Toronto,1+1,1,Condo Apt Apartment,2600,600-699,C9388099,600,699,649.5,Condo Apartment,Apartment
55 Charles St E 4706 Toronto,1+1,1,Condo Apt Apartment,2600,600-699,C10431656,600,699,649.5,Condo Apartment,Apartment
1055 Bay St 2216 Toronto,1+1,1,Condo Apt Apartment,2600,600-699,C10412662,600,699,649.5,Condo Apartment,Apartment
319 Jarvis St 5002 Toronto,1+1,1,Condo Apt Apartment,2600,500-599,C10423432,500,599,549.5,Condo Apartment,Apartment
33 Charles St E 3102 Toronto,1,1,Condo Apt Apartment,2600,500-599,C10409157,500,599,549.5,Condo Apartment,Apartment
770 Bay St 1707 Toronto,1+1,1,Condo Apt Apartment,2600,500-599,C9311017,500,599,549.5,Condo Apartment,Apartment
80 Marine Parade Dr 608 Toronto,1,1,Condo Apt Apartment,2600,600-699,W10410922,600,699,649.5,Condo Apartment,Apartment
575 Bloor St E 1106 Toronto,1,1,Condo Apt Apartment,2600,500-599,C10926717,500,599,549.5,Condo Apartment,Apartment
763 Bay St 613 Toronto,1,1,Condo Apt Apartment,2600,500-599,C10422532,500,599,549.5,Condo Apartment,Apartment
2191 Yonge St 4604 Toronto,1+1,1,Condo Apt Apartment,2600,700-799,C10441721,700,799,749.5,Condo Apartment,Apartment
543 Richmond St W 1411 Toronto,1+1,2,Condo Apt Apartment,2600,500-599,C9377517,500,599,549.5,Condo Apartment,Apartment
120 Harrison Garden Blvd 1105 Toronto,1+1,1,Condo Apt Apartment,2600,600-699,C9795210,600,699,649.5,Condo Apartment,Apartment
90 Stadium Rd 602 Toronto,1+1,1,Condo Apt Apartment,2600,600-699,C10324276,600,699,649.5,Condo Apartment,Apartment
570 Bay St 2606 Toronto,1,1,Condo Apt Apartment,2600,500-599,C10424713,500,599,549.5,Condo Apartment,Apartment
11 St Joseph St 204 Toronto,1,1,Condo Apt Apartment,2600,600-699,C8479890,600,699,649.5,Condo Apartment,Apartment
18 Maitland Terr 2503 Toronto,1+1,1,Condo Apt Apartment,2600,500-599,C9394546,500,599,549.5,Condo Apartment,Apartment
88 Corporate Dr 1010 Toronto,1+1,1,Condo Apt Apartment,2600,700-799,E10425653,700,799,749.5,Condo Apartment,Apartment
3018 Yonge St 304 Toronto,1,1,Condo Apt Apartment,2600,600-699,C10405723,600,699,649.5,Condo Apartment,Apartment
195 Redpath Ave 3405 Toronto,1+1,2,Condo Apt Apartment,2600,600-699,C10412449,600,699,649.5,Condo Apartment,Apartment
120 Harrison Garden Blvd PH02 Toronto,1+1,1,Condo Apt Apartment,2600,500-599,C10404950,500,599,549.5,Condo Apartment,Apartment
251 Jarvis St 1029 Toronto,1+1,1,Condo Apt Apartment,2600,500-599,C10421514,500,599,549.5,Condo Apartment,Apartment
55 Cooper St 7102 Toronto,1+1,1,Condo Apt Apartment,2600,600-699,C9367670,600,699,649.5,Condo Apartment,Apartment
50 Charles St E 1209 Toronto,1,1,Condo Apt Apartment,2600,500-599,C9345566,500,599,549.5,Condo Apartment,Apartment
403 Church St 1809 Toronto,1+1,1,Condo Apt Apartment,2600,600-699,C9770291,600,699,649.5,Condo Apartment,Apartment
327 King St W 3703 Toronto,1,1,Condo Apt Apartment,2600,500-599,C9384360,500,599,549.5,Condo Apartment,Apartment
15 Viking Lane 901 Toronto,1+1,1,Condo Apt Apartment,2600,600-699,W10874846,600,699,649.5,Condo Apartment,Apartment
55 cooper St 4002 Toronto,1+1,1,Condo Apt Apartment,2600,600-699,C10429872,600,699,649.5,Condo Apartment,Apartment
609 Avenue Rd 1408 Toronto,1+1,2,Condo Apt Apartment,2600,600-699,C10392988,600,699,649.5,Condo Apartment,Apartment
327 King St W 4503 Toronto,1,1,Condo Apt Apartment,2600,500-599,C9378753,500,599,549.5,Condo Apartment,Apartment
14 York St 5004 Toronto,1+1,1,Condo Apt Apartment,2600,600-699,C9373989,600,699,649.5,Condo Apartment,Apartment
223 St Clair Ave W 710 Toronto,1+1,1,Condo Apt Apartment,2600,600-699,C10874826,600,699,649.5,Condo Apartment,Apartment
25 Town Centre Crt 2203 Toronto,1+1,1,Condo Apt Apartment,2600,600-699,E10408866,600,699,649.5,Condo Apartment,Apartment
585 Bloor St E 327 Toronto,1,1,Condo Apt Apartment,2600,700-799,C9397904,700,799,749.5,Condo Apartment,Apartment
125 Redpath Ave 2605 Toronto,1+1,2,Condo Apt Apartment,2600,600-699,C10408982,600,699,649.5,Condo Apartment,Apartment
125 Redpath Ave 2106 Toronto,1+1,2,Condo Apt Apartment,2600,600-699,C9506985,600,699,649.5,Condo Apartment,Apartment
85 Mcmahon Dr 2115 Toronto,1,1,Condo Apt Apartment,2600,500-599,C10425898,500,599,549.5,Condo Apartment,Apartment
25 Richmond St E 2806 Toronto,1+1,1,Condo Apt Apartment,2600,600-699,C9767862,600,699,649.5,Condo Apartment,Apartment
50 Charles St E 1101 Toronto,1+1,1,Condo Apt Apartment,2600,500-599,C10875126,500,599,549.5,Condo Apartment,Apartment
5 Valhalla Inn Rd 1201 Toronto,1+1,1,Condo Apt Apartment,2600,700-799,W10415366,700,799,749.5,Condo Apartment,Apartment
1100 Sheppard Ave W 1531 Toronto,1+1,2,Condo Apt Apartment,2600,600-699,W10416846,600,699,649.5,Condo Apartment,Apartment
30 Harrison Garden Blvd 2109 Toronto,1+1,1,Condo Apt Apartment,2600,600-699,C9306148,600,699,649.5,Condo Apartment,Apartment
293 The Kingsway 418 Toronto,1+1,1,Condo Apt Apartment,2600,600-699,W10428538,600,699,649.5,Condo Apartment,Apartment
77 Shuter St 715 Toronto,1,2,Condo Apt Loft,2600,600-699,C10440535,600,699,649.5,Condo Apartment,Loft
1808 St Clair Ave W 1002 Toronto,1,1,Condo Apt Apartment,2600,700-799,W9512797,700,799,749.5,Condo Apartment,Apartment
2885 Bayview Ave 822 Toronto,1+1,2,Condo Apt Apartment,2600,600-699,C10429742,600,699,649.5,Condo Apartment,Apartment
15 Grenville St 511 Toronto,1+1,1,Condo Apt Apartment,2600,500-599,C9364676,500,599,549.5,Condo Apartment,Apartment
115 Mcmahon Dr 2502 Toronto,1+1,1,Condo Apt Apartment,2600,500-599,C10422430,500,599,549.5,Condo Apartment,Apartment
5162 Yonge St 2508 Toronto,1,1,Condo Apt Apartment,2600,500-599,C9399294,500,599,549.5,Condo Apartment,Apartment
135 East Liberty St 2006 Toronto,1+1,1,Condo Apt Apartment,2600,600-699,C10418578,600,699,649.5,Condo Apartment,Apartment
50 BRUYERES Mews 902 Toronto,1,1,Condo Apt Apartment,2600,500-599,C9294494,500,599,549.5,Condo Apartment,Apartment
50 Ordnance St 2903 Toronto,1,1,Condo Apt Apartment,2600,500-599,C9386225,500,599,549.5,Condo Apartment,Apartment
503 Beecroft Rd 103 Toronto,1+1,1,Condo Apt Apartment,2600,600-699,C9394872,600,699,649.5,Condo Apartment,Apartment
120 Lombard St 307 Toronto,1,1,Condo Apt Apartment,2600,500-599,C10405572,500,599,549.5,Condo Apartment,Apartment
95 Bathurst St 621 Toronto,1,1,Condo Apt Apartment,2600,700-799,C10442539,700,799,749.5,Condo Apartment,Apartment
397 Front St W 316 Toronto,1+1,1,Condo Apt Apartment,2600,500-599,C9282910,500,599,549.5,Condo Apartment,Apartment
25 Richmond St E 2406 Toronto,1+1,1,Condo Apt Apartment,2600,600-699,C9361131,600,699,649.5,Condo Apartment,Apartment
25 Adra Grado Way 257 Toronto,1+1,1,Condo Apt Apartment,2600,500-599,C9256806,500,599,549.5,Condo Apartment,Apartment
18 Kenaston Gdns 306 Toronto,1+1,2,Condo Apt Apartment,2600,700-799,C10417761,700,799,749.5,Condo Apartment,Apartment
18 Harbour St 3307 Toronto,1+1,1,Condo Apt Apartment,2600,600-699,C10414854,600,699,649.5,Condo Apartment,Apartment
20 Minowan Miikan Lane 913 Toronto,1,1,Condo Apt Apartment,2600,500-599,C10433123,500,599,549.5,Condo Apartment,Apartment
218 Queens Quay W 507 Toronto,1,1,Condo Apt Apartment,2600,600-699,C9410283,600,699,649.5,Condo Apartment,Apartment
318 Richmond St W 907 Toronto,1+1,1,Condo Apt Apartment,2600,600-699,C10410519,600,699,649.5,Condo Apartment,Apartment
30 Ordnance St 508 Toronto,1,1,Condo Apt Apartment,2600,600-699,C10409171,600,699,649.5,Condo Apartment,Apartment
30 Shore Breeze Dr 3818 Toronto,1+1,1,Condo Apt Apartment,2600,0-499,W10414720,0,499,249.5,Condo Apartment,Apartment
10 Queens Quay W 603 Toronto,1,1,Condo Apt Apartment,2600,700-799,C10427740,700,799,749.5,Condo Apartment,Apartment
70 Temperance St 2207 Toronto,1+1,1,Condo Apt Apartment,2600,500-599,C10428848,500,599,549.5,Condo Apartment,Apartment
211 Randolph Rd 409 Toronto,1,1,Condo Apt Apartment,2600,800-899,C9509674,800,899,849.5,Condo Apartment,Apartment
31 Tippett Rd 332 Toronto,1+1,2,Condo Apt Apartment,2600,600-699,C10428737,600,699,649.5,Condo Apartment,Apartment
20 Edward St 2121 Toronto,1+1,1,Condo Apt Apartment,2600,500-599,C10415070,500,599,549.5,Condo Apartment,Apartment
36 Park Lawn Rd 3301 Toronto,1+1,1,Condo Apt Apartment,2600,600-699,W9361997,600,699,649.5,Condo Apartment,Apartment
10 De Boers Dr 615 Toronto,1+1,2,Condo Apt Apartment,2600,600-699,W9369941,600,699,649.5,Condo Apartment,Apartment
60 Shuter St 907 Toronto,1+1,2,Condo Apt Apartment,2600,600-699,C9050931,600,699,649.5,Condo Apartment,Apartment
111 Elizabeth St 926 Toronto,1,1,Condo Apt Apartment,2600,600-699,C9304465,600,699,649.5,Condo Apartment,Apartment
80 Charles St E 505 Toronto,1,1,Condo Apt Apartment,2600,500-599,C10409364,500,599,549.5,Condo Apartment,Apartment
19 Bathurst St 4209 Toronto,1+1,1,Condo Apt Apartment,2600,500-599,C9359250,500,599,549.5,Condo Apartment,Apartment
38 Forest Manor Rd 1001 Toronto,1+1,1,Condo Apt Apartment,2600,500-599,C10419268,500,599,549.5,Condo Apartment,Apartment
35 Empress Ave 1601 Toronto,1,1,Condo Apt Apartment,2600,700-799,C10422435,700,799,749.5,Condo Apartment,Apartment
2200 Lake Shore Blvd W 608 Toronto,1+1,1,Condo Apt Apartment,2600,500-599,W10440618,500,599,549.5,Condo Apartment,Apartment
195 McCaul St 208 Toronto,1,1,Condo Apt Apartment,2600,500-599,C9393542,500,599,549.5,Condo Apartment,Apartment
297 College St 505 Toronto,1+1,1,Comm Element Condo Apartment,2600,700-799,C9365938,700,799,749.5,Common Element Condo,Apartment
5168 Yonge St 3208 Toronto,1,1,Condo Apt Apartment,2600,500-599,C10875046,500,599,549.5,Condo Apartment,Apartment
110 Marine Parade Dr 310 Toronto,1+1,1,Condo Apt Apartment,2600,600-699,W9461782,600,699,649.5,Condo Apartment,Apartment
19 Barberry Pl 518 Toronto,1+1,2,Condo Apt Apartment,2600,600-699,C10430618,600,699,649.5,Condo Apartment,Apartment
410 Queens Quay 1210 Toronto,1,1,Condo Apt Apartment,2600,600-699,C10442571,600,699,649.5,Condo Apartment,Apartment
195 McCaul St 414 Toronto,1+1,1,Condo Apt Apartment,2600,500-599,C9368316,500,599,549.5,Condo Apartment,Apartment
70 Annie Craig Dr 5001 Toronto,1,1,Condo Apt Apartment,2600,500-599,W9385360,500,599,549.5,Condo Apartment,Apartment
60 Ann O'Reilly Rd 1868 Toronto,1+1,2,Condo Apt Apartment,2600,600-699,C10406929,600,699,649.5,Condo Apartment,Apartment
25 Viking Lane 658 Toronto,1+1,1,Comm Element Condo Apartment,2600,600-699,W10421462,600,699,649.5,Common Element Condo,Apartment
19 Bathurst St 1210 Toronto,1+1,1,Comm Element Condo Apartment,2600,500-599,C9304490,500,599,549.5,Common Element Condo,Apartment
90 Stadium Rd Th109 Toronto,1+1,1,Condo Townhouse 2-Storey,2600,600-699,C9769320,600,699,649.5,Condo Townhouse,2-Storey
135 East Liberty St 1107 Toronto,1+1,1,Condo Apt Apartment,2600,600-699,C10414242,600,699,649.5,Condo Apartment,Apartment
80 Marine Parade Dr 2706 Toronto,1,1,Condo Apt Apartment,2600,600-699,W10440673,600,699,649.5,Condo Apartment,Apartment
275 Yorkland Rd 1806 Toronto,1+1,1,Condo Apt Apartment,2600,600-699,C10420783,600,699,649.5,Condo Apartment,Apartment
112 George St 823 Toronto,1,1,Condo Apt Apartment,2600,700-799,C10426972,700,799,749.5,Condo Apartment,Apartment
251 Manitoba St 1119 Toronto,1,1,Condo Apt Apartment,2600,600-699,W9397691,600,699,649.5,Condo Apartment,Apartment
100 Harbour St 6201 Toronto,1,1,Condo Apt Apartment,2600,500-599,C9396813,500,599,549.5,Condo Apartment,Apartment
11 Wellesley St W 3906 Toronto,1+1,1,Condo Apt Apartment,2600,500-599,C10884925,500,599,549.5,Condo Apartment,Apartment
1055 Bay (Furnished & Prkng) St 913 Toronto,1+1,1,Condo Apt Apartment,2600,0-499,C9510681,0,499,249.5,Condo Apartment,Apartment
85 Queens Wharf Rd 307 Toronto,1,1,Condo Apt Apartment,2600,500-599,C10410255,500,599,549.5,Condo Apartment,Apartment
15 Singer Crt 915 Toronto,1+1,2,Condo Apt Apartment,2600,700-799,C9389754,700,799,749.5,Condo Apartment,Apartment
238 BONIS Ave 721 Toronto,1+0,1,Condo Apt Other,2600,700-799,E10429153,700,799,749.5,Condo Apartment,Other
2 Rean Dr 1210 Toronto,1+1,2,Condo Apt Apartment,2600,600-699,C10255594,600,699,649.5,Condo Apartment,Apartment
218 Queens Quay W 403 Toronto,1+1,2,Condo Apt Apartment,2600,700-799,C10429287,700,799,749.5,Condo Apartment,Apartment
197 Yonge St 4705 Toronto,1+1,1,Condo Apt Apartment,2600,600-699,C10430221,600,699,649.5,Condo Apartment,Apartment
130 River St 1710 Toronto,1+1,1,Condo Apt Apartment,2600,600-699,C10406679,600,699,649.5,Condo Apartment,Apartment
286 Main St 1206 Toronto,1+1,2,Condo Apt Apartment,2600,600-699,E9380051,600,699,649.5,Condo Apartment,Apartment
1630 Queen St E 202 Toronto,1,1,Condo Apt Apartment,2600,500-599,E9506440,500,599,549.5,Condo Apartment,Apartment
1100 Sheppard Ave W 511 Toronto,1+1,1,Condo Apt Apartment,2600,600-699,W9347681,600,699,649.5,Condo Apartment,Apartment
121 Lower Sherbourne St 956 SW Toronto,1+1,2,Condo Apt Apartment,2600,600-699,C10442544,600,699,649.5,Condo Apartment,Apartment
170 Sumach St 1901 Toronto,1+1,1,Condo Apt Apartment,2600,600-699,C10441578,600,699,649.5,Condo Apartment,Apartment
18 GRAYDON HALL Dr 1101 Toronto,1,1,Condo Apt Apartment,2600,600-699,C10744161,600,699,649.5,Condo Apartment,Apartment
50 Thomas Riley Rd 1303 Toronto,1+1,1,Condo Apt Apartment,2600,600-699,W10429338,600,699,649.5,Condo Apartment,Apartment
2230 Lake Shore Blvd W 2705 Toronto,1+1,1,Condo Apt Apartment,2600,600-699,W10423913,600,699,649.5,Condo Apartment,Apartment
21 Scollard St 103 Toronto,1+1,1,Condo Apt Apartment,2600,600-699,C10420934,600,699,649.5,Condo Apartment,Apartment
5162 Yonge St 2008 Toronto,1,1,Condo Apt Apartment,2600,500-599,C10433990,500,599,549.5,Condo Apartment,Apartment
25 Neighbourhood Lane 202 Toronto,1+1,1,Condo Apt Apartment,2600,500-599,W10420229,500,599,549.5,Condo Apartment,Apartment
460 Adelaide St E 521 Toronto,1+1,1,Condo Apt Multi-Level,2600,600-699,C9419382,600,699,649.5,Condo Apartment,Multi-Level
30 Shore Breeze Dr 3412 Toronto,1+1,1,Condo Apt Apartment,2600,600-699,W9386554,600,699,649.5,Condo Apartment,Apartment
1928 Lakeshore Blvd 3801 Toronto,1+1,2,Condo Apt Apartment,2600,700-799,W10707770,700,799,749.5,Condo Apartment,Apartment
188 Cumberland St 903 Toronto,1+1,1,Condo Apt Apartment,2600,500-599,C10477056,500,599,549.5,Condo Apartment,Apartment
208 Queens Quay W 314 Toronto,1+1,1,Condo Apt Apartment,2600,600-699,C9306369,600,699,649.5,Condo Apartment,Apartment
295 Adelaide St W 2006 Toronto,1+1,1,Condo Apt Apartment,2600,600-699,C9386584,600,699,649.5,Condo Apartment,Apartment
50 Ordnance Dr 1703 Toronto,1,1,Condo Apt Apartment,2600,0-499,C9778878,0,499,249.5,Condo Apartment,Apartment
400 Wellington St W 302 Toronto,1,1,Condo Apt Apartment,2600,600-699,C9416902,600,699,649.5,Condo Apartment,Apartment
25 Grenville St 1804 Toronto,1+1,1,Condo Apt Apartment,2600,800-899,C9357160,800,899,849.5,Condo Apartment,Apartment
15 Lower Jarvis St 3306 Toronto,1+1,2,Condo Apt Apartment,2600,500-599,C10425298,500,599,549.5,Condo Apartment,Apartment
155 Beecroft Rd 2609 Toronto,1,1,Condo Apt Apartment,2600,500-599,C9378918,500,599,549.5,Condo Apartment,Apartment
10 Park Lawn Rd 710 Toronto,1,1,Condo Apt Apartment,2600,600-699,W9388231,600,699,649.5,Condo Apartment,Apartment
5168 Yonge St 1510 Toronto,1,1,Condo Apt Apartment,2600,500-599,C10301823,500,599,549.5,Condo Apartment,Apartment
150 East Liberty St 1713 Toronto,1,1,Condo Apt Apartment,2600,600-699,C9396953,600,699,649.5,Condo Apartment,Apartment
161 Roehampton Ave 304 Toronto,1+1,1,Condo Apt Apartment,2600,500-599,C10417418,500,599,549.5,Condo Apartment,Apartment
330 Richmond St W 1106 Toronto,1+1,1,Condo Apt Apartment,2600,700-799,C10428673,700,799,749.5,Condo Apartment,Apartment
575 Bloor St E 3310 Toronto,1+1,2,Condo Apt Apartment,2600,600-699,C9377898,600,699,649.5,Condo Apartment,Apartment
5508 Yonge St 2001 Toronto,1+1,1,Condo Apt Apartment,2600,700-799,C10410576,700,799,749.5,Condo Apartment,Apartment
7 Grenville St 3310 Toronto,1,1,Condo Apt Apartment,2600,500-599,C9378115,500,599,549.5,Condo Apartment,Apartment
10 Bloorview Pl 617 Toronto,1,1,Condo Apt Apartment,2600,500-599,C10274121,500,599,549.5,Condo Apartment,Apartment
68 Canterbury Pl 207 Toronto,1+1,2,Condo Apt Apartment,2600,600-699,C10403135,600,699,649.5,Condo Apartment,Apartment
219 Fort York Blvd 3304 Toronto,1,1,Condo Apt Apartment,2600,600-699,C10428208,600,699,649.5,Condo Apartment,Apartment
121 Mcmahon Dr 512 Toronto,1+1,1,Condo Apt Apartment,2600,600-699,C10417112,600,699,649.5,Condo Apartment,Apartment
2220 Lakeshore Blvd 3206 Toronto,1+1,1,Condo Apt Apartment,2599,600-699,W10426773,600,699,649.5,Condo Apartment,Apartment
36 Lisgar St E 1015E Toronto,1+1,2,Condo Apt Apartment,2599,700-799,C10430270,700,799,749.5,Condo Apartment,Apartment
50 Bruyeres Mews PH 11 Toronto,1,1,Condo Apt Apartment,2599,500-599,C9362606,500,599,549.5,Condo Apartment,Apartment
5 Sheppard Ave E 2918 Toronto,1,1,Condo Apt Apartment,2599,500-599,C10409754,500,599,549.5,Condo Apartment,Apartment
99 The Donway W 306 Toronto,1+1,2,Comm Element Condo Apartment,2599,600-699,C10418488,600,699,649.5,Common Element Condo,Apartment
2737 Keele St 829 Toronto,1,1,Condo Apt 2-Storey,2599,600-699,W10400107,600,699,649.5,Condo Apartment,2-Storey
5162 Yonge St 1911 Toronto,1,1,Condo Apt Apartment,2599,500-599,C10410445,500,599,549.5,Condo Apartment,Apartment
16 Bonnycastle St 4204 Toronto,1+1,1,Condo Apt Apartment,2599,600-699,C9418263,600,699,649.5,Condo Apartment,Apartment
10 Eva Rd 1503 Toronto,1+1,1,Condo Apt Apartment,2599,600-699,W9361646,600,699,649.5,Condo Apartment,Apartment
1 Falaise Rd 614 Toronto,1+1,2,Condo Apt Apartment,2599,700-799,E10707767,700,799,749.5,Condo Apartment,Apartment
75 Portland St 421 Toronto,1,1,Condo Apt Apartment,2599,0-499,C10413093,0,499,249.5,Condo Apartment,Apartment
381 Front St W 1905 Toronto,1+1,1,Condo Apt Apartment,2599,600-699,C9385137,600,699,649.5,Condo Apartment,Apartment
7 Grenville St 5709 Toronto,1+1,1,Condo Apt Apartment,2599,500-599,C10409687,500,599,549.5,Condo Apartment,Apartment
195 Merton St 508 Toronto,1+1,1,Condo Apt Apartment,2599,600-699,C10237176,600,699,649.5,Condo Apartment,Apartment
56 Forest Manor Dr 701 Toronto,1+1,2,Condo Apt Apartment,2595,700-799,C10412615,700,799,749.5,Condo Apartment,Apartment
2 Clarendon Ave 120 Toronto,1,1,Condo Apt Apartment,2595,0-499,C9368624,0,499,249.5,Condo Apartment,Apartment
231 Fort York Blvd 402 Toronto,1+1,1,Condo Apt Apartment,2595,600-699,C10415839,600,699,649.5,Condo Apartment,Apartment
11 Brunel Crt 3103 Toronto,1+1,1,Condo Apt Apartment,2595,600-699,C10428007,600,699,649.5,Condo Apartment,Apartment
100 Dalhousie St 2911 Toronto,1+1,1,Condo Apt Apartment,2595,500-599,C9812283,500,599,549.5,Condo Apartment,Apartment
25 Adra Grado Way 1833 Toronto,1,1,Condo Apt Bachelor/Studio,2595,600-699,C9311231,600,699,649.5,Condo Apartment,Bachelor/Studio
45 Charles St E 5306 Toronto,1,1,Condo Apt Apartment,2595,500-599,C9373181,500,599,549.5,Condo Apartment,Apartment
20 Richardson St 1411 Toronto,1+1,1,Condo Apt Apartment,2595,600-699,C10441191,600,699,649.5,Condo Apartment,Apartment
377 Ridelle Ave 1118 Toronto,1+1,1,Condo Apt Apartment,2594,700-799,W9357762,700,799,749.5,Condo Apartment,Apartment
33 Charles St E 1507 Toronto,1,1,Condo Apt Apartment,2592,600-699,C10426269,600,699,649.5,Condo Apartment,Apartment
2627 Mccowan Rd Uph08 Toronto,1+1,2,Condo Apt Apartment,2590,700-799,E9308054,700,799,749.5,Condo Apartment,Apartment
15 Holmes Ave 1412 Toronto,1+1,2,Condo Apt Apartment,2590,700-799,C9391219,700,799,749.5,Condo Apartment,Apartment
28 Olive Ave PH10 Toronto,1,1,Condo Apt Apartment,2590,500-599,C9392518,500,599,549.5,Condo Apartment,Apartment
210 Simcoe St 814 Toronto,1+1,1,Condo Apt Apartment,2590,700-799,C10412530,700,799,749.5,Condo Apartment,Apartment
11 Wellesley St W 4407 Toronto,1+1,1,Condo Apt Apartment,2590,500-599,C10421828,500,599,549.5,Condo Apartment,Apartment
55 Charles St E 3207 Toronto,1+1,1,Condo Apt Apartment,2588,600-699,C9311777,600,699,649.5,Condo Apartment,Apartment
225 Sackville St 2101 Toronto,1,1,Condo Apt Apartment,2580,600-699,C10430283,600,699,649.5,Condo Apartment,Apartment
138 Princess St 311 Toronto,1+1,1,Condo Apt Apartment,2580,600-699,C9398248,600,699,649.5,Condo Apartment,Apartment
15 Lower Jarvis St W 3407 Toronto,1,1,Condo Apt Multi-Level,2580,500-599,C9383605,500,599,549.5,Condo Apartment,Multi-Level
8 Eglinton Ave E 5212 Toronto,1+1,2,Condo Apt Apartment,2580,600-699,C10441230,600,699,649.5,Condo Apartment,Apartment
170 Fort York Blvd 212 Toronto,1+1,1,Condo Apt Apartment,2580,500-599,C9038279,500,599,549.5,Condo Apartment,Apartment
209 Fort York Blvd 555 Toronto,1+1,1,Condo Apt Apartment,2580,600-699,C9383753,600,699,649.5,Condo Apartment,Apartment
2885 Bayview Ave 301 Toronto,1+1,1,Condo Apt Multi-Level,2580,600-699,C10411649,600,699,649.5,Condo Apartment,Multi-Level
181 MILL St E1106 Toronto,1,1,Condo Apt Apartment,2576,500-599,C10418471,500,599,549.5,Condo Apartment,Apartment
318 King St E 204 Toronto,1+1,1,Condo Apt Apartment,2575,700-799,C9364340,700,799,749.5,Condo Apartment,Apartment
3 Market St 524 Toronto,1+1,1,Condo Apt Apartment,2575,600-699,C9369582,600,699,649.5,Condo Apartment,Apartment
100 Western Battery Rd 813 Toronto,1,1,Condo Apt Apartment,2575,0-499,C10430739,0,499,249.5,Condo Apartment,Apartment
55 Bremner Blvd 4005 Toronto,1+1,1,Condo Apt Apartment,2575,600-699,C10403039,600,699,649.5,Condo Apartment,Apartment
100 MILL St 412 Toronto,1,1,Condo Apt Apartment,2575,500-599,C10426097,500,599,549.5,Condo Apartment,Apartment
20 Blue Jays Way N 820 Toronto,1+1,1,Condo Apt Apartment,2575,700-799,C10379120,700,799,749.5,Condo Apartment,Apartment
1926 LAKE SHORE Blvd W 3016 Toronto,1+1,1,Condo Townhouse Apartment,2575,500-599,W10406722,500,599,549.5,Condo Townhouse,Apartment
223 St Clair Ave W 808 Toronto,1,1,Condo Apt Apartment,2575,500-599,C9507076,500,599,549.5,Condo Apartment,Apartment
20 Samuel Wood Way 1605 Toronto,1,1,Condo Apt Apartment,2565,500-599,W9376830,500,599,549.5,Condo Apartment,Apartment
2525 Bathurst St 703 Toronto,1,1,Condo Apt Apartment,2560,600-699,C9396045,600,699,649.5,Condo Apartment,Apartment
135 East Liberty St 812 Toronto,1,1,Condo Apt Apartment,2550,500-599,C10426538,500,599,549.5,Condo Apartment,Apartment
375 King St W 2906 Toronto,1+1,1,Condo Apt Apartment,2550,600-699,C10217761,600,699,649.5,Condo Apartment,Apartment
208 Queens Quay W 2205 Toronto,1,1,Condo Apt Apartment,2550,600-699,C9343313,600,699,649.5,Condo Apartment,Apartment
7 Grenville St 4006 Toronto,1+1,1,Condo Apt Apartment,2550,600-699,C10051852,600,699,649.5,Condo Apartment,Apartment
8 Hillsdale Ave E 1716 Toronto,1+1,1,Condo Apt Apartment,2550,500-599,C10412710,500,599,549.5,Condo Apartment,Apartment
138 Downes St 1001 Toronto,1+1,1,Condo Apt Apartment,2550,600-699,C10418931,600,699,649.5,Condo Apartment,Apartment
28 Freeland St 2906 Toronto,1+1,1,Condo Apt Apartment,2550,600-699,C10421291,600,699,649.5,Condo Apartment,Apartment
95 McMahon Dr 910 Toronto,1,1,Condo Apt Apartment,2550,500-599,C10406622,500,599,549.5,Condo Apartment,Apartment
80 Queens Wharf Rd 508 Toronto,1+1,1,Condo Apt Apartment,2550,500-599,C10415568,500,599,549.5,Condo Apartment,Apartment
8 Olympic Garden Dr S602 Toronto,1+1,2,Condo Apt Apartment,2550,600-699,C9386677,600,699,649.5,Condo Apartment,Apartment
621 Sheppard Ave E 733 Toronto,1,1,Condo Apt Apartment,2550,500-599,C9308897,500,599,549.5,Condo Apartment,Apartment
56 Annie Craig Dr 1505 Toronto,1+1,1,Condo Apt Apartment,2550,500-599,W10265062,500,599,549.5,Condo Apartment,Apartment
85 Queens Wharf Rd 2203 Toronto,1+1,1,Condo Apt Apartment,2550,600-699,C10409202,600,699,649.5,Condo Apartment,Apartment
633 Bay St 706 Toronto,1,1,Condo Apt Apartment,2550,600-699,C10410503,600,699,649.5,Condo Apartment,Apartment
3220 Sheppard Ave E 1704 Toronto,1+1,1,Condo Apt Apartment,2550,600-699,E9387518,600,699,649.5,Condo Apartment,Apartment
3220 Sheppard Ave E 1804 Toronto,1+1,1,Condo Apt Apartment,2550,600-699,E9384098,600,699,649.5,Condo Apartment,Apartment
1 Michael Power Pl 1012 Toronto,1+1,1,Condo Apt Apartment,2550,600-699,W9752028,600,699,649.5,Condo Apartment,Apartment
2221 yonge St 1511 Toronto,1+1,1,Condo Apt Apartment,2550,600-699,C10421053,600,699,649.5,Condo Apartment,Apartment
195 McCaul St 511 Toronto,1+1,1,Condo Apt Apartment,2550,500-599,C9378310,500,599,549.5,Condo Apartment,Apartment
225 Sumach St 1208 Toronto,1+1,1,Condo Apt Apartment,2550,600-699,C10427790,600,699,649.5,Condo Apartment,Apartment
650 Sheppard Ave E 316 Toronto,1+1,1,Condo Apt Apartment,2550,600-699,C9381139,600,699,649.5,Condo Apartment,Apartment
38 Iannuzzi St Ph06 Toronto,1,1,Condo Apt Apartment,2550,0-499,C9769743,0,499,249.5,Condo Apartment,Apartment
73 Richmond St W 208 Toronto,1,1,Condo Apt Loft,2550,700-799,C9356535,700,799,749.5,Condo Apartment,Loft
887 Bay St 1211 Toronto,1,1,Condo Apt Apartment,2550,600-699,C10420435,600,699,649.5,Condo Apartment,Apartment
55 Bloor St E 203 Toronto,1+1,1,Condo Apt Apartment,2550,600-699,C10430914,600,699,649.5,Condo Apartment,Apartment
159 Dundas St E 3904 Toronto,1,1,Condo Apt Apartment,2550,500-599,C9383670,500,599,549.5,Condo Apartment,Apartment
666 Spadina Ave 1409 Toronto,1,1,Condo Apt Apartment,2550,700-799,C9384811,700,799,749.5,Condo Apartment,Apartment
30 Meadowglen Pl 2406 Toronto,1+1,2,Condo Apt Apartment,2550,700-799,E9524452,700,799,749.5,Condo Apartment,Apartment
23 Sheppard Ave E 711 Toronto,1+1,1,Condo Apt Apartment,2550,600-699,C10416623,600,699,649.5,Condo Apartment,Apartment
19 Bathurst St 2608 Toronto,1+1,1,Condo Apt Apartment,2550,600-699,C10430938,600,699,649.5,Condo Apartment,Apartment
25 Richmond St 219 Toronto,1,1,Condo Apt Apartment,2550,500-599,C9267494,500,599,549.5,Condo Apartment,Apartment
1 Hycrest Ave 209 Toronto,1,1,Condo Apt Apartment,2550,600-699,C10428537,600,699,649.5,Condo Apartment,Apartment
169 Fort York Blvd 525 Toronto,1+1,1,Condo Apt Apartment,2550,600-699,C9752111,600,699,649.5,Condo Apartment,Apartment
55 Stewart St 306 Toronto,1,1,Condo Apt Loft,2550,500-599,C10426671,500,599,549.5,Condo Apartment,Loft
10 Northtown Way 1114 Toronto,1+1,1,Condo Apt Apartment,2550,600-699,C9383374,600,699,649.5,Condo Apartment,Apartment
33 Bay St 1401 Toronto,1+1,1,Condo Apt Apartment,2550,600-699,C9419437,600,699,649.5,Condo Apartment,Apartment
1830 Bloor St W 601 Toronto,1,1,Condo Apt Apartment,2550,500-599,W10427124,500,599,549.5,Condo Apartment,Apartment
170 Fort York Blvd 613 Toronto,1+1,1,Condo Apt Apartment,2550,600-699,C9416451,600,699,649.5,Condo Apartment,Apartment
30 Ordnance St 2009 Toronto,1+1,1,Condo Apt Apartment,2550,600-699,C10416859,600,699,649.5,Condo Apartment,Apartment
666 Spadina Ave 709 Toronto,1,1,Condo Apt Apartment,2550,700-799,C10414313,700,799,749.5,Condo Apartment,Apartment
2181 Yonge St 1703 Toronto,1+1,1,Condo Apt Apartment,2550,600-699,C9506305,600,699,649.5,Condo Apartment,Apartment
55 Bremner Blvd 3703 Toronto,1+1,1,Condo Apt Apartment,2550,600-699,C10442535,600,699,649.5,Condo Apartment,Apartment
169 Fort York Blvd 1212 Toronto,1,1,Condo Apt Apartment,2550,600-699,C10416678,600,699,649.5,Condo Apartment,Apartment
30 Inn on the Park Dr 2611 Toronto,1+1,1,Condo Apt Apartment,2550,500-599,C10423645,500,599,549.5,Condo Apartment,Apartment
100 Harbour St 3201 Toronto,1,1,Condo Apt Apartment,2550,600-699,C9348530,600,699,649.5,Condo Apartment,Apartment
955 Bay St 3011 Toronto,1,1,Condo Apt Apartment,2550,500-599,C10427334,500,599,549.5,Condo Apartment,Apartment
30 Roehampton Ave 1207 Toronto,1,1,Condo Apt Apartment,2550,600-699,C10419735,600,699,649.5,Condo Apartment,Apartment
250 Wellington St W 1731 Toronto,1,1,Condo Apt Apartment,2550,500-599,C10423887,500,599,549.5,Condo Apartment,Apartment
36 Zorra St 606 Toronto,1+1,1,Condo Apt Apartment,2550,500-599,W9344284,500,599,549.5,Condo Apartment,Apartment
65 East Liberty St 1908 Toronto,1,1,Condo Apt Apartment,2550,500-599,C9296070,500,599,549.5,Condo Apartment,Apartment
666 Spadina Ave 808 Toronto,1,1,Condo Apt Apartment,2550,700-799,C9349916,700,799,749.5,Condo Apartment,Apartment
246 Logan Ave 203 Toronto,1+1,1,Condo Apt Apartment,2550,600-699,E10441899,600,699,649.5,Condo Apartment,Apartment
20 Tubman Ave 1606 Toronto,1+1,1,Condo Apt Apartment,2550,600-699,C10885193,600,699,649.5,Condo Apartment,Apartment
11 Wellesley St W 1603 Toronto,1+1,1,Condo Apt Apartment,2550,500-599,C10404885,500,599,549.5,Condo Apartment,Apartment
18 Maitland Terr 1803 Toronto,1+1,1,Condo Apt Apartment,2550,500-599,C9355574,500,599,549.5,Condo Apartment,Apartment
20 John St 1122 Toronto,1,1,Condo Apt Apartment,2550,500-599,C10442725,500,599,549.5,Condo Apartment,Apartment
1 Belsize Dr 632 Toronto,1+1,1,Condo Apt Apartment,2550,500-599,C10417332,500,599,549.5,Condo Apartment,Apartment
398 Eglinton Ave E 803 Toronto,1,1,Condo Apt Apartment,2550,600-699,C10422786,600,699,649.5,Condo Apartment,Apartment
525 Wilson Ave 252 Toronto,1+1,1,Condo Apt Apartment,2550,600-699,C9391696,600,699,649.5,Condo Apartment,Apartment
2152 Lawrence Ave E 1105 Toronto,1,1,Condo Apt Apartment,2550,600-699,E10429365,600,699,649.5,Condo Apartment,Apartment
7 Broadway Ave 211 Toronto,1,1,Comm Element Condo Apartment,2550,0-499,C10425132,0,499,249.5,Common Element Condo,Apartment
185 Roehampton Ave 2705 Toronto,1+1,1,Condo Apt Apartment,2550,500-599,C10419772,500,599,549.5,Condo Apartment,Apartment
190 Borough Dr 2311 Toronto,1+1,1,Condo Apt Apartment,2550,600-699,E10707737,600,699,649.5,Condo Apartment,Apartment
20 Shore Breeze Dr 403 Toronto,1+1,1,Condo Apt Apartment,2550,500-599,W10415157,500,599,549.5,Condo Apartment,Apartment
55 Bremner Blvd 2805 Toronto,1+1,1,Condo Apt Apartment,2550,600-699,C9262527,600,699,649.5,Condo Apartment,Apartment
25 Town Centre Crt 2309 Toronto,1+1,1,Condo Apt Apartment,2550,600-699,E10431563,600,699,649.5,Condo Apartment,Apartment
942 Yonge St 712 Toronto,1,1,Condo Apt Apartment,2550,700-799,C10411810,700,799,749.5,Condo Apartment,Apartment
5 Defries St 1913 Toronto,1+1,1,Condo Apt Apartment,2550,500-599,C10414672,500,599,549.5,Condo Apartment,Apartment
543 Richmond St W 522 Toronto,1,1,Comm Element Condo Apartment,2550,500-599,C10426228,500,599,549.5,Common Element Condo,Apartment
25 Carlton St 2506 Toronto,1+1,1,Condo Apt Apartment,2550,600-699,C9768467,600,699,649.5,Condo Apartment,Apartment
775 King St W 207 Toronto,1+1,1,Condo Apt Apartment,2550,600-699,C9770186,600,699,649.5,Condo Apartment,Apartment
7 Mabelle Ave 806 Toronto,1+1,1,Condo Apt Apartment,2550,600-699,W9409335,600,699,649.5,Condo Apartment,Apartment
2121 Lake Shore Blvd 1005 Toronto,1,1,Condo Apt Apartment,2550,700-799,W10365978,700,799,749.5,Condo Apartment,Apartment
357 King St W 1406 Toronto,1+1,1,Condo Apt Apartment,2550,500-599,C10410309,500,599,549.5,Condo Apartment,Apartment
255 Village Green Sq 2006 Toronto,1+1,2,Condo Apt Apartment,2550,600-699,E10441504,600,699,649.5,Condo Apartment,Apartment
832 Bay St 2509 Toronto,1,1,Condo Apt Apartment,2550,0-499,C9249963,0,499,249.5,Condo Apartment,Apartment
501 Yonge St 1901 Toronto,1+1,1,Condo Apt Apartment,2550,500-599,C9248642,500,599,549.5,Condo Apartment,Apartment
9 Bogert Ave 704 Toronto,1,1,Condo Apt Apartment,2550,600-699,C9770266,600,699,649.5,Condo Apartment,Apartment
15 Fort York Blvd 1102 Toronto,1+1,1,Comm Element Condo Apartment,2550,600-699,C10416122,600,699,649.5,Common Element Condo,Apartment
887 Bay St 702 Toronto,1,1,Condo Apt Apartment,2550,600-699,C10430026,600,699,649.5,Condo Apartment,Apartment
7 Grenville St 511 Toronto,1+1,1,Condo Apt Apartment,2550,700-799,C9349622,700,799,749.5,Condo Apartment,Apartment
763 Bay St 4112 Toronto,1,1,Comm Element Condo Apartment,2550,500-599,C9419015,500,599,549.5,Common Element Condo,Apartment
231 Fort York Blvd 1005 Toronto,1,1,Condo Apt Apartment,2550,500-599,C10420209,500,599,549.5,Condo Apartment,Apartment
120 Dallimore Circ 525 Toronto,1+1,1,Condo Apt Apartment,2550,500-599,C10410089,500,599,549.5,Condo Apartment,Apartment
2369 Danforth Ave 709 Toronto,1+1,2,Condo Apt Apartment,2550,600-699,E9370612,600,699,649.5,Condo Apartment,Apartment
125 Blue Jays Way 2201 Toronto,1+1,1,Comm Element Condo Apartment,2550,500-599,C9513080,500,599,549.5,Common Element Condo,Apartment
25 Greenview Ave 1024 Toronto,1+1,1,Condo Apt Apartment,2550,500-599,C9769562,500,599,549.5,Condo Apartment,Apartment
20 SHOREBREEZE Dr 3802 Toronto,1+1,1,Condo Apt Apartment,2550,500-599,W10433895,500,599,549.5,Condo Apartment,Apartment
55 Charles St E 4409 Toronto,1,1,Condo Apt Apartment,2550,500-599,C10323223,500,599,549.5,Condo Apartment,Apartment
28 Harrison Garden Blvd 712 Toronto,1+1,1,Condo Apt Apartment,2550,600-699,C9305139,600,699,649.5,Condo Apartment,Apartment
1926 Lake Shore Blvd W 2616 Toronto,1+1,1,Condo Apt Apartment,2550,500-599,W10431715,500,599,549.5,Condo Apartment,Apartment
763 Bay St 3013 Toronto,1,1,Condo Apt Apartment,2550,500-599,C9506709,500,599,549.5,Condo Apartment,Apartment
81 Wellesley St E 502 Toronto,1+1,1,Condo Apt Apartment,2550,600-699,C10874809,600,699,649.5,Condo Apartment,Apartment
11 Wellesley St W 4204 Toronto,1+1,1,Condo Apt Apartment,2550,500-599,C10420598,500,599,549.5,Condo Apartment,Apartment
199 Richmond St W 318 Toronto,1+1,2,Condo Apt Apartment,2550,700-799,C9769347,700,799,749.5,Condo Apartment,Apartment
68 Canterbury Pl 1110 Toronto,1,1,Condo Apt Apartment,2550,500-599,C9722883,500,599,549.5,Condo Apartment,Apartment
501 Yonge St 5103 Toronto,1+1,1,Condo Apt Apartment,2550,0-499,C10427936,0,499,249.5,Condo Apartment,Apartment
33 Bay St 2101 Toronto,1+1,1,Condo Apt Apartment,2550,600-699,C10428677,600,699,649.5,Condo Apartment,Apartment
57 Brock Ave 501 Toronto,1+1,1,Condo Apt Apartment,2550,600-699,W10432260,600,699,649.5,Condo Apartment,Apartment
125 Peter St 1413 Toronto,1+1,1,Condo Apt Apartment,2550,600-699,C10411884,600,699,649.5,Condo Apartment,Apartment
15 Stafford St PH09 Toronto,1,1,Condo Apt Apartment,2550,0-499,C9384539,0,499,249.5,Condo Apartment,Apartment
30 Nelson St 304 Toronto,1+1,1,Condo Apt Apartment,2550,600-699,C10418012,600,699,649.5,Condo Apartment,Apartment
319 Jarvis St 4906 Toronto,1+1,1,Condo Apt Apartment,2550,500-599,C9364545,500,599,549.5,Condo Apartment,Apartment
1350 Ellesmere Rd 620 Toronto,1+1,2,Condo Apt Apartment,2550,600-699,E9381580,600,699,649.5,Condo Apartment,Apartment
21 Carlton St 909 Toronto,1+1,1,Condo Apt Apartment,2550,600-699,C10424241,600,699,649.5,Condo Apartment,Apartment
60 Byng Ave 1502 Toronto,1,1,Condo Apt Apartment,2550,500-599,C10429808,500,599,549.5,Condo Apartment,Apartment
55 De Boers Dr 606 Toronto,1+1,1,Condo Apt Apartment,2550,600-699,W9417762,600,699,649.5,Condo Apartment,Apartment
1285 DUPONT St 2107 Toronto,1+1,2,Condo Apt Apartment,2550,600-699,W9386698,600,699,649.5,Condo Apartment,Apartment
17 Barberry Pl 1304 Toronto,1+1,2,Condo Apt Apartment,2550,600-699,C10409850,600,699,649.5,Condo Apartment,Apartment
233 Beecroft Rd 1511 Toronto,1+1,1,Condo Apt Apartment,2550,600-699,C10845427,600,699,649.5,Condo Apartment,Apartment
55 Charles St E 2710 Toronto,1+1,1,Condo Apt Apartment,2550,500-599,C9380714,500,599,549.5,Condo Apartment,Apartment
8 Telegram Mews 711 Toronto,1+1,1,Condo Apt Apartment,2550,500-599,C9417212,500,599,549.5,Condo Apartment,Apartment
25 Lower Simcoe St 1206 Toronto,1,1,Condo Apt Apartment,2550,500-599,C10425859,500,599,549.5,Condo Apartment,Apartment
4955 YONGE St 1110 Toronto,1+1,2,Condo Apt Apartment,2550,600-699,C9831711,600,699,649.5,Condo Apartment,Apartment
25 Lower Simcoe St 722 Toronto,1+1,1,Condo Apt Apartment,2550,600-699,C10404841,600,699,649.5,Condo Apartment,Apartment
6 Humberline Dr 419 Toronto,1+1,1,Condo Apt Apartment,2550,700-799,W10441334,700,799,749.5,Condo Apartment,Apartment
33 Bay St 3601 Toronto,1+1,1,Condo Apt Apartment,2549,600-699,C10411698,600,699,649.5,Condo Apartment,Apartment
195 Redpath Ave 3505 Toronto,1+1,2,Condo Apt Apartment,2549,600-699,C10423723,600,699,649.5,Condo Apartment,Apartment
19 Bathurst St 3906 Toronto,1+1,1,Condo Apt Apartment,2540,500-599,C9512381,500,599,549.5,Condo Apartment,Apartment
17 Dundonald St 1301 Toronto,1+1,1,Condo Apt Apartment,2530,500-599,C10052205,500,599,549.5,Condo Apartment,Apartment
1285 Dupont St 2405 Toronto,1+1,1,Condo Apt Apartment,2528,600-699,W10430390,600,699,649.5,Condo Apartment,Apartment
50 Thomas Riley Rd 2008 Toronto,1+1,1,Condo Apt Apartment,2525,600-699,W10433649,600,699,649.5,Condo Apartment,Apartment
38 Lee Centre Dr 616 Toronto,1+1,1,Condo Apt Apartment,2525,600-699,E10423236,600,699,649.5,Condo Apartment,Apartment
763 Bay St 3412 Toronto,1,1,Condo Apt Apartment,2525,500-599,C10421094,500,599,549.5,Condo Apartment,Apartment
50 Thomas Riley Rd 2208 Toronto,1+1,1,Condo Apt Apartment,2525,600-699,W10415597,600,699,649.5,Condo Apartment,Apartment
1100 Sheppard Ave W 1135 Toronto,1+1,1,Condo Apt Apartment,2525,600-699,W9368381,600,699,649.5,Condo Apartment,Apartment
1105 Leslie St 1201 Toronto,1+1,1,Condo Apt Apartment,2525,700-799,C10412040,700,799,749.5,Condo Apartment,Apartment
191 Sherbourne St 1707 Toronto,1,1,Condo Apt Apartment,2525,600-699,C9769353,600,699,649.5,Condo Apartment,Apartment
20 Richardson St 2611 Toronto,1+1,1,Condo Apt Apartment,2520,500-599,C10426069,500,599,549.5,Condo Apartment,Apartment
35 Mariner Terr 5307 Toronto,1+1,1,Condo Apt Multi-Level,2925,700-799,C9419054,700,799,749.5,Condo Apartment,Multi-Level
8 The Esplanade 408 Toronto,1+1,2,Condo Apt Apartment,2925,700-799,C10874953,700,799,749.5,Condo Apartment,Apartment
525 Adelaide St W 1822 Toronto,1+1,2,Condo Apt Apartment,2925,600-699,C10929247,600,699,649.5,Condo Apartment,Apartment
25 Earlington Ave 219 Toronto,1+1,1,Condo Apt Apartment,2950,700-799,W10884896,700,799,749.5,Condo Apartment,Apartment
138 Downes St 1209 Toronto,1+1,1,Condo Apt Apartment,2950,600-699,C10429566,600,699,649.5,Condo Apartment,Apartment
400 Wellington St W 302 Toronto,1,1,Condo Apt Apartment,2950,600-699,C9417035,600,699,649.5,Condo Apartment,Apartment
11 Bogert Ave 1905 Toronto,1+1,2,Condo Apt Apartment,2950,700-799,C9394584,700,799,749.5,Condo Apartment,Apartment
280 Howland Ave SPH29 Toronto,1,1,Condo Apt Apartment,2950,600-699,C10412072,600,699,649.5,Condo Apartment,Apartment
2230 Lake Shore Blvd W 2001 Toronto,1+1,1,Condo Apt Apartment,2950,700-799,W10426707,700,799,749.5,Condo Apartment,Apartment
203 College st St 2501 Toronto,1+1,1,Condo Apt Apartment,2950,500-599,C9196677,500,599,549.5,Condo Apartment,Apartment
45 Charles St E 4609 Toronto,1+1,2,Condo Apt Apartment,2950,700-799,C10409410,700,799,749.5,Condo Apartment,Apartment
30 Ordnance St S 902 Toronto,1+1,1,Condo Apt Apartment,2950,600-699,C10405856,600,699,649.5,Condo Apartment,Apartment
5168 Yonge St 3601 Toronto,1+1,1,Condo Apt Apartment,2950,600-699,C9303452,600,699,649.5,Condo Apartment,Apartment
8 The Esplanade 4203 Toronto,1+1,1,Condo Apt Apartment,2950,600-699,C10422309,600,699,649.5,Condo Apartment,Apartment
110 Charles St E 2609 Toronto,1+1,1,Condo Apt Apartment,2950,600-699,C10441941,600,699,649.5,Condo Apartment,Apartment
377 Madison Ave N 309 Toronto,1,1,Condo Apt Apartment,2950,600-699,C10874909,600,699,649.5,Condo Apartment,Apartment
203 College St 3007 Toronto,1+1,1,Condo Apt Apartment,2950,500-599,C10428182,500,599,549.5,Condo Apartment,Apartment
2191 Yonge St 3901 Toronto,1+1,2,Condo Apt Apartment,2950,800-899,C9362802,800,899,849.5,Condo Apartment,Apartment
195 Redpath Ave 3615 Toronto,1,1,Condo Apt Apartment,2950,0-499,C9509787,0,499,249.5,Condo Apartment,Apartment
10 Old York Mills Rd 214 Toronto,1+1,1,Condo Apt Apartment,2950,800-899,C10410126,800,899,849.5,Condo Apartment,Apartment
29 Queens Quay E 1011 Toronto,1+1,1,Condo Apt Apartment,2950,700-799,C9513645,700,799,749.5,Condo Apartment,Apartment
39 Queens Quay E 426 Toronto,1+1,2,Condo Apt Apartment,2950,700-799,C10412050,700,799,749.5,Condo Apartment,Apartment
200 Bloor St W 1004 Toronto,1+1,1,Condo Apt Apartment,2950,600-699,C10406749,600,699,649.5,Condo Apartment,Apartment
1 Bloor St E 905 Toronto,1+1,1,Condo Apt Multi-Level,2950,600-699,C10477064,600,699,649.5,Condo Apartment,Multi-Level
629 King St W 621 Toronto,1,1,Condo Apt Apartment,2950,0-499,C10432953,0,499,249.5,Condo Apartment,Apartment
7 Grenville St 4808 Toronto,1+1,1,Condo Apt Apartment,2950,600-699,C10431946,600,699,649.5,Condo Apartment,Apartment
5168 Yonge St 2907 Toronto,1+1,1,Condo Apt Apartment,2950,600-699,C10431640,600,699,649.5,Condo Apartment,Apartment
32 Davenport Rd 3003 Toronto,1+1,1,Condo Apt Apartment,2950,500-599,C9509615,500,599,549.5,Condo Apartment,Apartment
35 Mariner Terr 4210 Toronto,1+1,1,Condo Apt Apartment,2950,700-799,C10430422,700,799,749.5,Condo Apartment,Apartment
19 Bathurst St 3903 Toronto,1+1,1,Condo Apt Apartment,2950,600-699,C10418018,600,699,649.5,Condo Apartment,Apartment
560 King St W 610 Toronto,1+1,1,Condo Apt Apartment,2950,600-699,C10425031,600,699,649.5,Condo Apartment,Apartment
8 The Esplanade 5301 Toronto,1+1,1,Condo Apt Apartment,2950,600-699,C9299391,600,699,649.5,Condo Apartment,Apartment
435 Richmond St W 1603 Toronto,1+1,1,Co-Op Apt Apartment,2950,600-699,C10428721,600,699,649.5,Co-Op Apartment,Apartment
55 Charles St E 1609 Toronto,1,1,Condo Apt Apartment,2950,500-599,C9306409,500,599,549.5,Condo Apartment,Apartment
388 Yonge St 6805 Toronto,1+1,1,Condo Apt Apartment,2950,600-699,C10433230,600,699,649.5,Condo Apartment,Apartment
245 Davisville Ave LPH8 Toronto,1+1,1,Condo Apt Apartment,2975,700-799,C10414730,700,799,749.5,Condo Apartment,Apartment
2191 Yonge St 2901 Toronto,1+1,2,Condo Apt Apartment,2980,800-899,C10428387,800,899,849.5,Condo Apartment,Apartment
585 Bloor St E 3320 Toronto,1+1,2,Condo Apt Apartment,2990,600-699,C9507198,600,699,649.5,Condo Apartment,Apartment
25 Dalhousie St 1806 Toronto,1,1,Condo Apt Apartment,2990,500-599,C10408893,500,599,549.5,Condo Apartment,Apartment
21 Grand Magazine St 2304 Toronto,1+1,1,Condo Apt Apartment,2995,700-799,C10426717,700,799,749.5,Condo Apartment,Apartment
2 Clarendon Ave 109 Toronto,1,1,Condo Apt Apartment,2995,500-599,C8313006,500,599,549.5,Condo Apartment,Apartment
2 Clarendon Ave 110 Toronto,1,1,Condo Apt Apartment,2995,500-599,C9388483,500,599,549.5,Condo Apartment,Apartment
633 Bay St 1808 Toronto,1+1,2,Condo Apt Apartment,2995,800-899,C10432231,800,899,849.5,Condo Apartment,Apartment
1 Yorkville Ave 1007 Toronto,1+1,1,Condo Apt Apartment,2995,500-599,C9355646,500,599,549.5,Condo Apartment,Apartment
650 King St W 205 Toronto,1,1,Condo Apt Apartment,2999,700-799,C10433106,700,799,749.5,Condo Apartment,Apartment
65 St Mary St 4203 Toronto,1+2,1,Condo Apt Apartment,2999,600-699,C9268988,600,699,649.5,Condo Apartment,Apartment
399 Adelaide St W 203 Toronto,1,1,Condo Apt Apartment,2999,600-699,C10428956,600,699,649.5,Condo Apartment,Apartment
16 Bonnycastle St 1102 Toronto,1+1,2,Condo Apt Multi-Level,3000,700-799,C10411758,700,799,749.5,Condo Apartment,Multi-Level
1080 Bay St 2309 Toronto,1+1,1,Condo Apt Apartment,3000,500-599,C9310979,500,599,549.5,Condo Apartment,Apartment
188 Cumberland St 1903 Toronto,1+1,1,Condo Apt Apartment,3000,500-599,C9350362,500,599,549.5,Condo Apartment,Apartment
20 Shore breeze Dr 3408 Toronto,1+1,1,Condo Apt Apartment,3000,600-699,W9374155,600,699,649.5,Condo Apartment,Apartment
125 Redpath Ave 604 Toronto,1+1,2,Condo Apt Apartment,3000,600-699,C10428993,600,699,649.5,Condo Apartment,Apartment
55 Mercer St S 3215 Toronto,1+1,2,Condo Apt Apartment,3000,600-699,C10402886,600,699,649.5,Condo Apartment,Apartment
28 Ted Rogers Way 2211 Toronto,1,1,Condo Apt Apartment,3000,700-799,C9362876,700,799,749.5,Condo Apartment,Apartment
75 Queens Wharf Rd 307 Toronto,1+1,1,Condo Apt Apartment,3000,600-699,C9282107,600,699,649.5,Condo Apartment,Apartment
7 Grenville St 1807 Toronto,1+1,2,Condo Apt Apartment,3000,600-699,C10707948,600,699,649.5,Condo Apartment,Apartment
1 Concorde Pl 1507 Toronto,1+1,2,Condo Apt Apartment,3000,1200-1399,C10415033,1200,1399,1299.5,Condo Apartment,Apartment
88 Cumberland St 808 Toronto,1+1,1,Condo Apt Apartment,3000,600-699,C9375520,600,699,649.5,Condo Apartment,Apartment
8 Cumberland St 1007 Toronto,1,1,Condo Apt Apartment,3000,500-599,C9371011,500,599,549.5,Condo Apartment,Apartment
101 Charles St E 3008 Toronto,1+1,1,Condo Apt Apartment,3000,600-699,C9386169,600,699,649.5,Condo Apartment,Apartment
801 Bay St 1602 Toronto,1+1,2,Condo Apt Apartment,3000,700-799,C9513371,700,799,749.5,Condo Apartment,Apartment
8 Olympic Gdn Dr S1501 Toronto,1+1,2,Condo Apt Apartment,3000,700-799,C9396649,700,799,749.5,Condo Apartment,Apartment
39 Queens Quay E 921 Toronto,1,1,Condo Apt Apartment,3000,700-799,C10409879,700,799,749.5,Condo Apartment,Apartment
501 St Clair Ave W 1401 Toronto,1,1,Condo Apt Apartment,3000,500-599,C9507597,500,599,549.5,Condo Apartment,Apartment
30 Shore Breeze Dr 6010 Toronto,1+1,1,Comm Element Condo Apartment,3000,500-599,W10416625,500,599,549.5,Common Element Condo,Apartment
770 Bay St 2605 Toronto,1+1,1,Condo Apt Apartment,3000,600-699,C10421535,600,699,649.5,Condo Apartment,Apartment
32 Davenport Rd 402 Toronto,1+1,1,Condo Apt Apartment,3000,600-699,C9388598,600,699,649.5,Condo Apartment,Apartment
955 Queen St 311 Toronto,1+1,1,Condo Apt Apartment,3000,600-699,C10412338,600,699,649.5,Condo Apartment,Apartment
108 Peter St W 725 Toronto,1+1,2,Condo Apt Apartment,3000,600-699,C10430107,600,699,649.5,Condo Apartment,Apartment
99 John St 1609 Toronto,1+1,1,Condo Apt Apartment,3000,600-699,C9398715,600,699,649.5,Condo Apartment,Apartment
5 Soudan Ave 2703 Toronto,1+1,2,Condo Apt Apartment,3000,500-599,C10431534,500,599,549.5,Condo Apartment,Apartment
181 HURON St UP07 Toronto,1+0,1,Condo Apt Other,3000,500-599,C10404061,500,599,549.5,Condo Apartment,Other
17 Zorra St 2304 Toronto,1+1,2,Condo Apt Apartment,3000,600-699,W9394120,600,699,649.5,Condo Apartment,Apartment
181 Huron St Up07 Toronto,1+1,1,Condo Apt Apartment,3000,500-599,C9396829,500,599,549.5,Condo Apartment,Apartment
761 Bay St 2104 Toronto,1+1,2,Condo Apt Apartment,3000,700-799,C10428273,700,799,749.5,Condo Apartment,Apartment
2020 Bathurst St 1209 Toronto,1,1,Condo Apt Apartment,3000,0-499,C9282797,0,499,249.5,Condo Apartment,Apartment
7 Carlton St 407 Toronto,1+1,1,Condo Apt Apartment,3000,600-699,C9769159,600,699,649.5,Condo Apartment,Apartment
1 Bloor St E 3505 Toronto,1+1,1,Condo Apt Apartment,3000,600-699,C9511922,600,699,649.5,Condo Apartment,Apartment
203 College St 1805 Toronto,1+1,2,Condo Apt Apartment,3000,500-599,C10406056,500,599,549.5,Condo Apartment,Apartment
3 Gloucester St 4806 Toronto,1,1,Condo Apt Apartment,3000,500-599,C9311585,500,599,549.5,Condo Apartment,Apartment
33 University Ave N 2009 Toronto,1+1,2,Condo Apt Apartment,3000,1000-1199,C9734404,1000,1199,1099.5,Condo Apartment,Apartment
55 Mercer St 2709 Toronto,1+1,2,Condo Apt Apartment,3000,600-699,C9264351,600,699,649.5,Condo Apartment,Apartment
501 St. Clair Ave W 1904 Toronto,1,1,Condo Apt Apartment,3000,500-599,C10407747,500,599,549.5,Condo Apartment,Apartment
195 McCaul St 903 Toronto,1+1,1,Condo Apt Apartment,3000,700-799,C9513919,700,799,749.5,Condo Apartment,Apartment
576 Front St W 731 Toronto,1,1,Condo Apt Apartment,3000,600-699,C10416833,600,699,649.5,Condo Apartment,Apartment
203 College St 2402 Toronto,1+1,2,Condo Apt Apartment,3000,500-599,C10424341,500,599,549.5,Condo Apartment,Apartment
80 John St 3103 Toronto,1+1,1,Condo Apt Apartment,3000,700-799,C9417381,700,799,749.5,Condo Apartment,Apartment
8 Cumberland St 5008 Toronto,1,1,Condo Apt Apartment,3000,0-499,C9389733,0,499,249.5,Condo Apartment,Apartment
488 University Ave 3115 Toronto,1+1,1,Condo Apt Apartment,3000,700-799,C10408049,700,799,749.5,Condo Apartment,Apartment
766 King St W 303 Toronto,1,1,Condo Townhouse Loft,3000,700-799,C10430854,700,799,749.5,Condo Townhouse,Loft
181 Sheppard Ave E 508 Toronto,1+1,1,Condo Apt Apartment,3000,700-799,C10707801,700,799,749.5,Condo Apartment,Apartment
200 Redpath Ave 0305 Toronto,1,1,Condo Apt Apartment,3025,0-499,C10422288,0,499,249.5,Condo Apartment,Apartment
1080 Bay St 2306 Toronto,1+1,1,Condo Apt Apartment,3050,600-699,C9350912,600,699,649.5,Condo Apartment,Apartment
3018 Yonge St 909 Toronto,1+1,1,Condo Apt Apartment,3050,700-799,C9394576,700,799,749.5,Condo Apartment,Apartment
1 Bloor St E 2508 Toronto,1+1,2,Condo Apt Apartment,3050,700-799,C9294796,700,799,749.5,Condo Apartment,Apartment
50 Wellesley St E 4006 Toronto,1+1,2,Comm Element Condo Apartment,3050,700-799,C10402985,700,799,749.5,Common Element Condo,Apartment
2055 Danforth Ave 1001 Toronto,1,2,Condo Apt Apartment,3050,700-799,E9417854,700,799,749.5,Condo Apartment,Apartment
208 Queens Quay W 3403 Toronto,1+1,2,Condo Apt Apartment,3050,700-799,C10416102,700,799,749.5,Condo Apartment,Apartment
1080 Bay St 3709 Toronto,1+1,1,Condo Apt Apartment,3050,500-599,C10411363,500,599,549.5,Condo Apartment,Apartment
75 Queens Wharf Rd 4708 Toronto,1,1,Condo Apt Apartment,3050,500-599,C9352961,500,599,549.5,Condo Apartment,Apartment
5 St Joseph St 2808 Toronto,1+1,1,Condo Apt Apartment,3050,700-799,C10404823,700,799,749.5,Condo Apartment,Apartment
11 Bogert Ave 3209 Toronto,1+1,2,Condo Apt Apartment,3080,600-699,C10874748,600,699,649.5,Condo Apartment,Apartment
458 Richmond St W 1407 Toronto,1+1,1,Condo Apt Apartment,3095,700-799,C9248171,700,799,749.5,Condo Apartment,Apartment
99 Harbour Sq 3501 Toronto,1,1,Condo Apt Apartment,3095,700-799,C9282920,700,799,749.5,Condo Apartment,Apartment
1 Bedford Rd 302 Toronto,1,1,Condo Apt Apartment,3095,600-699,C9513387,600,699,649.5,Condo Apartment,Apartment
99 Harbour Sq 2506 Toronto,1,1,Condo Apt Multi-Level,3100,800-899,C9254323,800,899,849.5,Condo Apartment,Multi-Level
203 College St 1903 Toronto,1+1,1,Condo Apt Apartment,3100,500-599,C9373271,500,599,549.5,Condo Apartment,Apartment
1 Cardiff Rd 410 Toronto,1+1,2,Condo Apt Apartment,3100,700-799,C9299433,700,799,749.5,Condo Apartment,Apartment
77 Lombard St 701 Toronto,1+1,2,Condo Apt 2-Storey,3100,900-999,C10419215,900,999,949.5,Condo Apartment,2-Storey
68 Broadview Ave 212 Toronto,1,1,Condo Apt Loft,3100,800-899,E9419314,800,899,849.5,Condo Apartment,Loft
50 Ordnance St 213 Toronto,1+1,2,Comm Element Condo Apartment,3100,600-699,C9391870,600,699,649.5,Common Element Condo,Apartment
1 Avondale Ave Lph 6 Toronto,1+1,2,Condo Apt Apartment,3100,800-899,C10440930,800,899,849.5,Condo Apartment,Apartment
327 king St W 3107 Toronto,1,1,Condo Apt Apartment,3100,500-599,C9511527,500,599,549.5,Condo Apartment,Apartment
161 Roehampton Ave 2711 Toronto,1+1,2,Condo Apt Apartment,3100,600-699,C9385023,600,699,649.5,Condo Apartment,Apartment
5 St. Joseph St 1705 Toronto,1+1,2,Condo Apt Apartment,3100,600-699,C9393027,600,699,649.5,Condo Apartment,Apartment
55 Charles St E 1910 Toronto,1+1,1,Condo Apt Apartment,3100,500-599,C10441833,500,599,549.5,Condo Apartment,Apartment
155 Yorkville Ave 3107 Toronto,1+1,1,Co-Op Apt Apartment,3100,500-599,C10425986,500,599,549.5,Co-Op Apartment,Apartment
250 Manitoba St 823 Toronto,1,2,Condo Apt Loft,3100,700-799,W10417733,700,799,749.5,Condo Apartment,Loft
1900 Lake Shore Blvd W 501 Toronto,1+1,1,Condo Apt Apartment,3100,600-699,W9390364,600,699,649.5,Condo Apartment,Apartment
77 Lombard St 504 Toronto,1+1,2,Condo Apt Apartment,3100,800-899,C9345112,800,899,849.5,Condo Apartment,Apartment
48 St Clair Ave W 402 Toronto,1+1,2,Comm Element Condo Apartment,3100,900-999,C10429858,900,999,949.5,Common Element Condo,Apartment
629 King St W 913 Toronto,1,1,Condo Apt Apartment,3100,500-599,C9252603,500,599,549.5,Condo Apartment,Apartment
1 Scott St 1803 Toronto,1+1,1,Condo Apt Apartment,3100,600-699,C10414258,600,699,649.5,Condo Apartment,Apartment
181 MILL St TH108 Toronto,1,2,Condo Apt Apartment,3141,700-799,C10424661,700,799,749.5,Condo Apartment,Apartment
400 Adelaide St E 510 Toronto,1+1,2,Condo Apt Apartment,3150,700-799,C9508156,700,799,749.5,Condo Apartment,Apartment
388 Yonge St 6705 Toronto,1+1,1,Condo Apt Apartment,3150,600-699,C10241807,600,699,649.5,Condo Apartment,Apartment
1 Bloor St E 2308 Toronto,1+1,2,Condo Apt Apartment,3150,700-799,C9391366,700,799,749.5,Condo Apartment,Apartment
484 Spadina Ave 407 Toronto,1,1,Condo Apt Apartment,3150,500-599,C9768042,500,599,549.5,Condo Apartment,Apartment
200 Manitoba St 431 Toronto,1+1,2,Condo Apt Loft,3150,700-799,W10430532,700,799,749.5,Condo Apartment,Loft
505 Richmond St W 722 Toronto,1,1,Condo Apt Apartment,3150,500-599,C10422125,500,599,549.5,Condo Apartment,Apartment
484 Spadina Ave 1205 Toronto,1,1,Condo Apt Apartment,3175,500-599,C9768001,500,599,549.5,Condo Apartment,Apartment
200 Redpath Ave 0308 Toronto,1,1,Condo Apt Apartment,3175,600-699,C10422285,600,699,649.5,Condo Apartment,Apartment
5 St. Joseph St 2809 Toronto,1+1,1,Condo Apt Apartment,3180,700-799,C9229569,700,799,749.5,Condo Apartment,Apartment
55 Merchants Wharf 225 Toronto,1+1,1,Condo Apt Apartment,3190,800-899,C10413280,800,899,849.5,Condo Apartment,Apartment
218 Queen's Quay W 2710 Toronto,1+1,2,Condo Apt Apartment,3200,600-699,C10424063,600,699,649.5,Condo Apartment,Apartment
1 Bedford Rd 517 Toronto,1+0,1,Condo Apt Apartment,3200,600-699,C10411368,600,699,649.5,Condo Apartment,Apartment
832 Bay St E 207 Toronto,1+1,2,Condo Apt Apartment,3200,900-999,C10409272,900,999,949.5,Condo Apartment,Apartment
59 Annie Craig Dr 3101 Toronto,1+1,1,Condo Apt Apartment,3200,600-699,W10845540,600,699,649.5,Condo Apartment,Apartment
373 Front St W 2803 Toronto,1+1,1,Condo Apt Apartment,3200,700-799,C9258463,700,799,749.5,Condo Apartment,Apartment
633 Bay St 1510 Toronto,1+1,1,Comm Element Condo Multi-Level,3200,800-899,C10413312,800,899,849.5,Common Element Condo,Multi-Level
20 Lombard St 4406 Toronto,1+1,2,Condo Apt Apartment,3200,700-799,C10426312,700,799,749.5,Condo Apartment,Apartment
43 Hanna Ave 118 Toronto,1+1,1,Condo Apt Loft,3200,800-899,C9385889,800,899,849.5,Condo Apartment,Loft
151 Avenue Rd 609 Toronto,1+1,1,Condo Apt Apartment,3200,700-799,C10845521,700,799,749.5,Condo Apartment,Apartment
461 Adelaide St W 732 Toronto,1,1,Condo Apt Apartment,3200,600-699,C9387634,600,699,649.5,Condo Apartment,Apartment
8 Park Rd 3612 Toronto,1+1,1,Condo Apt Apartment,3200,900-999,C10404898,900,999,949.5,Condo Apartment,Apartment
30 Old Mill Rd 411 Toronto,1+1,2,Condo Apt Apartment,3200,700-799,W10411450,700,799,749.5,Condo Apartment,Apartment
181 Davenport Rd 507 Toronto,1+1,1,Condo Apt Apartment,3200,700-799,C10297019,700,799,749.5,Condo Apartment,Apartment
21 Widmer St 2409 Toronto,1,1,Condo Apt Apartment,3200,600-699,C10425000,600,699,649.5,Condo Apartment,Apartment
39 Queens Quay E 1008 Toronto,1+1,2,Condo Apt Apartment,3200,700-799,C10874721,700,799,749.5,Condo Apartment,Apartment
585 Bloor St E 620 Toronto,1+1,2,Condo Apt Apartment,3200,600-699,C9308055,600,699,649.5,Condo Apartment,Apartment
111 St Clair Ave W 905 Toronto,1,2,Condo Apt 2-Storey,3200,800-899,C8457720,800,899,849.5,Condo Apartment,2-Storey
1 Bloor St E 3009 Toronto,1+1,2,Condo Apt Apartment,3200,700-799,C9248577,700,799,749.5,Condo Apartment,Apartment
88 Harbour St 1409 Toronto,1,1,Condo Apt Apartment,3200,500-599,C9418586,500,599,549.5,Condo Apartment,Apartment
35 Mariner Terr 3802 Toronto,1+1,1,Condo Apt Apartment,3200,600-699,C9355259,600,699,649.5,Condo Apartment,Apartment
205 Manning Ave 602 Toronto,1+1,2,Condo Apt Loft,3200,700-799,C10421946,700,799,749.5,Condo Apartment,Loft
484 Spadina Ave 1206 Toronto,1,1,Condo Apt Apartment,3200,500-599,C9768043,500,599,549.5,Condo Apartment,Apartment
250 Manitoba St 633 Toronto,1,2,Condo Apt 2-Storey,3200,800-899,W10432881,800,899,849.5,Condo Apartment,2-Storey
1830 Bloor St W 317 Toronto,1+1,2,Condo Apt Apartment,3200,600-699,W10426560,600,699,649.5,Condo Apartment,Apartment
188 Cumberland St 712 Toronto,1,1,Condo Apt Apartment,3200,500-599,C10431309,500,599,549.5,Condo Apartment,Apartment
33 University Ave 1809 Toronto,1+1,2,Condo Apt Apartment,3225,1000-1199,C9271442,1000,1199,1099.5,Condo Apartment,Apartment
263 Wellington St W 1104 Toronto,1+1,1,Condo Apt Apartment,3250,800-899,C10416898,800,899,849.5,Condo Apartment,Apartment
65 St Mary St 406 Toronto,1+1,1,Condo Apt Apartment,3250,600-699,C9369998,600,699,649.5,Condo Apartment,Apartment
3 Navy Wharf Crt 312 Toronto,1+1,1,Condo Apt Apartment,3250,700-799,C9395349,700,799,749.5,Condo Apartment,Apartment
455 Front St S124 Toronto,1+1,2,Condo Townhouse 2-Storey,3250,1000-1199,C10408487,1000,1199,1099.5,Condo Townhouse,2-Storey
1 Palace Pier Crt 3407 Toronto,1,1,Condo Apt Apartment,3250,800-899,W10454182,800,899,849.5,Condo Apartment,Apartment
488 University Ave 3715 Toronto,1+1,1,Condo Apt Apartment,3250,700-799,C10417561,700,799,749.5,Condo Apartment,Apartment
320 Tweedsmuir Ave 3001 Toronto,1+1,1,Other Apartment,3280,700-799,C9363796,700,799,749.5,Other,Apartment
39 Queens Quay E 912 Toronto,1,2,Comm Element Condo Apartment,3290,700-799,C9344837,700,799,749.5,Common Element Condo,Apartment
20 Blue Jays Way 1509 Toronto,1,1,Condo Apt Apartment,3300,600-699,C9015187,600,699,649.5,Condo Apartment,Apartment
21 Burkebrook Pl 612 Toronto,1+1,1,Condo Apt Apartment,3300,700-799,C9306760,700,799,749.5,Condo Apartment,Apartment
101 Charles St E 4202 Toronto,1+1,1,Condo Apt Apartment,3300,700-799,C10432466,700,799,749.5,Condo Apartment,Apartment
1080 Bay St 3411 Toronto,1,1,Condo Apt Apartment,3300,500-599,C9234434,500,599,549.5,Condo Apartment,Apartment
488 University Ave 2515 Toronto,1+1,1,Condo Apt Apartment,3300,600-699,C10428237,600,699,649.5,Condo Apartment,Apartment
320 Richmond St E PH14 Toronto,1+1,2,Condo Apt Apartment,3300,800-899,C10422228,800,899,849.5,Condo Apartment,Apartment
20 Blue Jays Way 1109 Toronto,1,1,Condo Apt Apartment,3300,600-699,C9015191,600,699,649.5,Condo Apartment,Apartment
20 Blue Jays Way 909 Toronto,1,1,Condo Apt Apartment,3300,600-699,C9015352,600,699,649.5,Condo Apartment,Apartment
633 Bay St Ph05 Toronto,1+1,2,Condo Apt Apartment,3300,900-999,C9257334,900,999,949.5,Condo Apartment,Apartment
39 Queens Quay E 1023 Toronto,1+1,1,Condo Apt Apartment,3300,600-699,C10431406,600,699,649.5,Condo Apartment,Apartment
33 Harbour Sq 831 Toronto,1,2,Condo Apt Apartment,3300,1000-1199,C9767992,1000,1199,1099.5,Condo Apartment,Apartment
75 Portland St 510 Toronto,1+1,1,Condo Apt Loft,3300,700-799,C10405973,700,799,749.5,Condo Apartment,Loft
10 Queens Quay W 201 Toronto,1,1,Condo Apt Apartment,3350,900-999,C10441594,900,999,949.5,Condo Apartment,Apartment
327 King St W 4402 Toronto,1,1,Condo Apt Apartment,3350,500-599,C9513547,500,599,549.5,Condo Apartment,Apartment
99 john St 2301 Toronto,1+1,1,Condo Apt Apartment,3350,600-699,C9507994,600,699,649.5,Condo Apartment,Apartment
400 Adelaide St E 1922 Toronto,1+1,2,Condo Apt Apartment,3350,900-999,C10463688,900,999,949.5,Condo Apartment,Apartment
156 Portland St 413 Toronto,1+1,2,Condo Apt Loft,3400,800-899,C9506385,800,899,849.5,Condo Apartment,Loft
150 Balmoral Ave 303 Toronto,1,1,Other Apartment,3400,700-799,C9506355,700,799,749.5,Other,Apartment
30 Shore Breeze Dr 4816 Toronto,1+1,1,Condo Apt Apartment,3400,500-599,W9249479,500,599,549.5,Condo Apartment,Apartment
77 Mcmurrich St 209 Toronto,1,1,Condo Apt Apartment,3400,800-899,C10434187,800,899,849.5,Condo Apartment,Apartment
1 Bloor St E 4009 Toronto,1+1,2,Condo Apt Apartment,3400,700-799,C9399854,700,799,749.5,Condo Apartment,Apartment
36 Charlotte St 708 Toronto,1,2,Condo Apt 2-Storey,3400,800-899,C10408691,800,899,849.5,Condo Apartment,2-Storey
21 Iceboat Terr 3301 Toronto,1+1,1,Condo Apt Apartment,3400,600-699,C9310833,600,699,649.5,Condo Apartment,Apartment
10 Bellair St 301 Toronto,1+1,1,Condo Apt Apartment,3400,800-899,C9262717,800,899,849.5,Condo Apartment,Apartment
10 Delisle Ave 1005 Toronto,1+1,2,Condo Apt Apartment,3400,800-899,C9513956,800,899,849.5,Condo Apartment,Apartment
197 Yonge St 4605 Toronto,1+1,1,Condo Apt Apartment,3400,600-699,C9387213,600,699,649.5,Condo Apartment,Apartment
208 Queens Quay W 2110 Toronto,1+1,3,Condo Apt Apartment,3400,800-899,C8395416,800,899,849.5,Condo Apartment,Apartment
155 Dalhousie St 829 Toronto,1+1,1,Condo Apt Loft,3450,900-999,C10414990,900,999,949.5,Condo Apartment,Loft
33 Harbour Sq 3009 Toronto,1,1,Condo Apt Apartment,3450,1000-1199,C10874709,1000,1199,1099.5,Condo Apartment,Apartment
863 St. Clair Ave W 405 Toronto,1+1,2,Condo Apt Apartment,3500,700-799,C10427368,700,799,749.5,Condo Apartment,Apartment
766 King St W 407 Toronto,1+2,2,Condo Apt Loft,3500,1000-1199,C9386502,1000,1199,1099.5,Condo Apartment,Loft
18 Yonge St 2413 Toronto,1+1,2,Condo Apt Apartment,3500,600-699,C9376045,600,699,649.5,Condo Apartment,Apartment
33 Harbour Sq 2621 Toronto,1,1,Condo Apt 2-Storey,3500,1000-1199,C9360255,1000,1199,1099.5,Condo Apartment,2-Storey
25 Oxley St 1305 Toronto,1+1,2,Condo Apt Loft,3500,800-899,C10410079,800,899,849.5,Condo Apartment,Loft
33 Frederick Todd Way W 419 Toronto,1+1,2,Condo Apt Apartment,3500,700-799,C10425527,700,799,749.5,Condo Apartment,Apartment
30 Wellington St E 403 Toronto,1,1,Condo Apt Apartment,3500,1000-1199,C9393374,1000,1199,1099.5,Condo Apartment,Apartment
55 Mercer St 5109 Toronto,1+1,2,Condo Apt Apartment,3500,600-699,C9379330,600,699,649.5,Condo Apartment,Apartment
75 Queens Wharf Rd 1907 Toronto,1+1,1,Condo Apt Apartment,3500,600-699,C10416169,600,699,649.5,Condo Apartment,Apartment
438 King St W 1120 Toronto,1+1,2,Condo Apt Apartment,3500,600-699,C10426455,600,699,649.5,Condo Apartment,Apartment
195 McCaul St 701 Toronto,1+1,1,Condo Apt Apartment,3500,600-699,C10424149,600,699,649.5,Condo Apartment,Apartment
138 Downes St Ph212 Toronto,1,1,Condo Apt Apartment,3500,500-599,C7382862,500,599,549.5,Condo Apartment,Apartment
9 Tecumseth St 604 Toronto,1,1,Condo Apt Apartment,3500,500-599,C8310048,500,599,549.5,Condo Apartment,Apartment
28 Ted Rogers Way 2012 Toronto,1+1,1,Condo Apt Apartment,3500,600-699,C9363212,600,699,649.5,Condo Apartment,Apartment
131 Bloor St W 1104 Toronto,1,1,Other Apartment,3586,800-899,C9373673,800,899,849.5,Other,Apartment
40 Scollard St St 1506 Toronto,1,1,Condo Apt Apartment,3600,700-799,C10929198,700,799,749.5,Condo Apartment,Apartment
21 Nelson St LPH7 Toronto,1+1,2,Condo Apt Apartment,3600,1000-1199,C10418113,1000,1199,1099.5,Condo Apartment,Apartment
250 Wellington St W 436 Toronto,1+1,1,Condo Apt Apartment,3600,700-799,C9366411,700,799,749.5,Condo Apartment,Apartment
10 Yonge St 2413 Toronto,1+1,2,Condo Apt Apartment,3600,900-999,C10432754,900,999,949.5,Condo Apartment,Apartment
208 Queens Quay W 3410 Toronto,1+2,2,Condo Apt Apartment,3600,800-899,C9723603,800,899,849.5,Condo Apartment,Apartment
33 Harbour Sq 2007 Toronto,1,2,Condo Apt 2-Storey,3600,1000-1199,C10412048,1000,1199,1099.5,Condo Apartment,2-Storey
33 Sheppard Ave E 3001 Toronto,1,1,Condo Apt Apartment,3600,600-699,C9262133,600,699,649.5,Condo Apartment,Apartment
195 McCaul St 505 Toronto,1+1,2,Condo Apt Apartment,3600,700-799,C9394301,700,799,749.5,Condo Apartment,Apartment
505 Richmond St W 911 Toronto,1+1,1,Condo Apt Apartment,3600,600-699,C9373508,600,699,649.5,Condo Apartment,Apartment
128 Pears Ave 302 Toronto,1+1,1,Condo Apt Apartment,3650,700-799,C10407372,700,799,749.5,Condo Apartment,Apartment
131 Bloor St W 504 Toronto,1,1,Other Apartment,3668,900-999,C9359659,900,999,949.5,Other,Apartment
131 Bloor St W 814 Toronto,1,1,Other Apartment,3668,800-899,C9307189,800,899,849.5,Other,Apartment
131 Bloor St W 512 Toronto,1,1,Other Apartment,3668,800-899,C9307188,800,899,849.5,Other,Apartment
8 The Esplanade 4903 Toronto,1,1,Condo Apt Apartment,3700,600-699,C9767823,600,699,649.5,Condo Apartment,Apartment
33 Harbour Sq 1231 Toronto,1+1,1,Condo Apt 2-Storey,3700,1000-1199,C9306266,1000,1199,1099.5,Condo Apartment,2-Storey
195 McCaul St Toronto,1+1,1,Condo Apt Apartment,3700,1200-1399,C9417723,1200,1399,1299.5,Condo Apartment,Apartment
380 Macpherson Ave 217 Toronto,1+1,1,Comm Element Condo Apartment,3750,800-899,C10428342,800,899,849.5,Common Element Condo,Apartment
1300 Islington Ave 1702 Toronto,1,2,Condo Apt Apartment,3750,1000-1199,W9356141,1000,1199,1099.5,Condo Apartment,Apartment
102 Bloor St W 803 Toronto,1,2,Condo Apt Apartment,3795,1000-1199,C10875045,1000,1199,1099.5,Condo Apartment,Apartment
10 Yonge St 2413 Toronto,1+1,2,Condo Apt Apartment,3800,900-999,C10432758,900,999,949.5,Condo Apartment,Apartment
633 Bay St PH15 Toronto,1+1,2,Condo Apt Apartment,3800,900-999,C9299759,900,999,949.5,Condo Apartment,Apartment
2267 Lake Shore Blvd W 1301 Toronto,1+1,2,Condo Apt Apartment,3800,900-999,W10419897,900,999,949.5,Condo Apartment,Apartment
151 Avenue Rd 704 Toronto,1+1,2,Condo Apt Apartment,3800,800-899,C9512486,800,899,849.5,Condo Apartment,Apartment
670 Richmond St W 105 Toronto,1,1,Condo Apt Loft,3800,700-799,C9508019,700,799,749.5,Condo Apartment,Loft
128 Pears Ave 505 Toronto,1+1,1,Comm Element Condo Apartment,3850,700-799,C10407434,700,799,749.5,Common Element Condo,Apartment
560 King St W 1112 Toronto,1+1,1,Condo Apt Loft,3850,800-899,C9300277,800,899,849.5,Condo Apartment,Loft
1 Scott St 208 Toronto,1,2,Condo Apt Loft,3950,1000-1199,C10442703,1000,1199,1099.5,Condo Apartment,Loft
55 Cooper St Ph207 Toronto,1,1,Condo Apt Apartment,3950,600-699,C8060228,600,699,649.5,Condo Apartment,Apartment
637 Lake Shore Blvd 504 Toronto,1,2,Condo Apt Loft,4000,1000-1199,C9419882,1000,1199,1099.5,Condo Apartment,Loft
181 Davenport Rd 802 Toronto,1,1,Condo Apt Apartment,4000,700-799,C10425213,700,799,749.5,Condo Apartment,Apartment
181 Davenport Rd 802 Toronto,1,1,Condo Apt Apartment,4000,700-799,C10422725,700,799,749.5,Condo Apartment,Apartment
60 Bathurst St PH 1008 Toronto,1+1,2,Condo Apt 2-Storey,4000,1000-1199,C10409371,1000,1199,1099.5,Condo Apartment,2-Storey
300 Front St W 1705 Toronto,1,1,Condo Apt Apartment,4000,600-699,C8446916,600,699,649.5,Condo Apartment,Apartment
480 Front St 1513 Toronto,1,1,Condo Apt Apartment,4100,500-599,C9391781,500,599,549.5,Condo Apartment,Apartment
2213 Kingston Rd 105 Toronto,1,1,Condo Apt Apartment,4100,1000-1199,E10421744,1000,1199,1099.5,Condo Apartment,Apartment
899 College St 608 Toronto,1+1,2,Condo Apt Apartment,4200,900-999,C9416826,900,999,949.5,Condo Apartment,Apartment
383 Ellis Park Rd 608 Toronto,1+1,1,Condo Apt Apartment,4200,900-999,W10428869,900,999,949.5,Condo Apartment,Apartment
380 Macpherson Ave 314 Toronto,1+1,1,Comm Element Condo Loft,4200,800-899,C9051796,800,899,849.5,Common Element Condo,Loft
180 University Ave 2004 Toronto,1,1,Condo Apt Apartment,4200,800-899,C10410775,800,899,849.5,Condo Apartment,Apartment
3 Marine Parade Dr 1705 Toronto,1+1,1,Condo Apt Apartment,4300,700-799,W9397498,700,799,749.5,Condo Apartment,Apartment
588 Annette St 503 Toronto,1+1,2,Condo Apt Apartment,4300,1000-1199,W9237286,1000,1199,1099.5,Condo Apartment,Apartment
188 Cumberland St 308 Toronto,1+1,1,Condo Apt Apartment,4400,1200-1399,C9282871,1200,1399,1299.5,Condo Apartment,Apartment
175 Jones Ave 1 Toronto,1+1,2,Condo Apt 3-Storey,4500,1000-1199,E10409742,1000,1199,1099.5,Condo Apartment,3-Storey
160 Baldwin St 405 Toronto,1,1,Condo Apt Apartment,4500,800-899,C10926776,800,899,849.5,Condo Apartment,Apartment
170 Avenue Rd 211 Toronto,1+1,1,Condo Apt Apartment,4600,800-899,C9270971,800,899,849.5,Condo Apartment,Apartment
21 Nelson St UPH19 Toronto,1+1,2,Condo Apt Loft,4700,1200-1399,C10415387,1200,1399,1299.5,Condo Apartment,Loft
180 University Ave 4104 Toronto,1,1,Condo Apt Apartment,4700,800-899,C9350405,800,899,849.5,Condo Apartment,Apartment
180 University Ave 4202 Toronto,1,1,Condo Apt Apartment,4700,800-899,C10744070,800,899,849.5,Condo Apartment,Apartment
318 King St E 1104 Toronto,1+1,2,Condo Apt Apartment,4750,1000-1199,C9299655,1000,1199,1099.5,Condo Apartment,Apartment
180 University Ave 2902 Toronto,1,1,Condo Apt Apartment,4750,800-899,C9364461,800,899,849.5,Condo Apartment,Apartment
21 Iceboat Terr 4001 Toronto,1+1,1,Condo Apt Apartment,4800,600-699,C9358156,600,699,649.5,Condo Apartment,Apartment
993 Queen St W 417 Toronto,1,1,Condo Apt Loft,4800,1400-1599,C10430437,1400,1599,1499.5,Condo Apartment,Loft
2 Avenue Rd 1401 Toronto,1+1,2,Condo Apt Apartment,4995,1000-1199,C9351016,1000,1199,1099.5,Condo Apartment,Apartment
180 University Ave 3104 Toronto,1,1,Condo Apt Apartment,5000,800-899,C10429809,800,899,849.5,Condo Apartment,Apartment
180 University Ave 1904 Toronto,1,1,Condo Apt Apartment,5000,800-899,C9510210,800,899,849.5,Condo Apartment,Apartment
150 Logan Ave 233 Toronto,1,2,Comm Element Condo Loft,5500,800-899,E10417813,800,899,849.5,Common Element Condo,Loft
